"What.is.your.subject.ID.","This.questionnaire.consists.of.11.parts..We.would.again.like.to.stress.that.all.your.answers.in.t...","Click.the.option.that.best.describes.your.answer.to.these.questions.","How.often.do.you.have..a.drink.containing.alcohol..","How.many.drinks.containing.alcohol.do.you.have.on.a.typical.day.when.you.are.drinking.by.yourself..","How.many.drinks.containing.alcohol.do.you.have.on.a.typical.day.when.you.are.drinking.with.others.","How.often.do.you.have.six.or.more.drinks.on.one.occasion.when.you.are.drinking.alone.","How.often.do.you.have.six.or.more.drinks.on.one.occasion.when.you.are.drinking.with.others.","How.often.during.the.last.year.have.you.found.that.you.were.not.able.to.stop.drinking.once.you.ha...","How.often.during.the.last.year.have.you.found.that.you.were.not.able.to.stop.drinking.once.you.ha....1","How.often.during.the.last..year.have.you.failed.to.do.what.was.normally.expected.of.you.because.a...","How.often.during.the.last..year.have.you.failed.to.do.what.was.normally.expected.of.you.because.a....1","How.often.during.the.last.year.have.you.needed.a.first.drink.in.the.morning.to.get.yourself.going...","How.often.during.the.last.year.have.you.had.a.feeling.of.guilt.or.remorse.after.drinking.by.yours...","How.often.during.the.last.year.have.you.had.a.feeling.of.guilt.or.remorse.after.drinking.with.oth...","How.often.during.the.last.year.have.you.been.unable.to.remember.what.happened.the.night.before.be...","Have.you.or.someone.else.been.injured.because.of.your.drinking..","Has.a.relative..friend..doctor..or.other.health.care.worker.been.concerned.about.your.drinking.or...","For.the.following.statements..please.select.the.response.that.is.correct.for.you.","I.would.like.to.explore.strange.places.","I.would.like.to.take.off.on.a.trip.with.no.pre.planned.routes.or.timetables.","I.get.restless.when.I.spend.too.much.time.at.home..","I.prefer.friends.who.are.excitingly.unpredictable..","I.like.to.do.frightening.things..","I.would.like.to.try.bungee.jumping..","I.like.wild.parties..","I.would.love.to.have.new.and.exciting.experiences..even.if.they.are.illegal..","The.following.are.statements.about.behaviors.that.a.person.could.engage.in..For.each.question..pl...","Smoked.a.cigarette..even.a.puff.","Drank.alcohol..even.one.drink..","Used.any.illegal.drug","Gambled.for.real.money.","Had.sexual.intercourse.without.a.condom.","Stolen.anything.from.a.store.","Carried.a.weapon.such.as.a.gun..knife..or.club.outside.of.your.home","Been.in.a.physical.fight.","Ridden.in.a.car.without.wearing.your.seatbelt..even.once.","Ridden.a.bicycle.or.motorcycle.without.a.helmet..even.once.","Please.indicate.the.response.that.is.correct.for.you.","For.the.below.list.of.drugs..please.indicate.the.drugs.that.you.have.tried.over.the.past.12.month....Marijuana","For.the.below.list.of.drugs..please.indicate.the.drugs.that.you.have.tried.over.the.past.12.month....Stimulants","For.the.below.list.of.drugs..please.indicate.the.drugs.that.you.have.tried.over.the.past.12.month....Cocaine","For.the.below.list.of.drugs..please.indicate.the.drugs.that.you.have.tried.over.the.past.12.month....Hallucinogens","For.the.below.list.of.drugs..please.indicate.the.drugs.that.you.have.tried.over.the.past.12.month....Opiates","For.the.below.list.of.drugs..please.indicate.the.drugs.that.you.have.tried.over.the.past.12.month....Sedatives","For.the.below.list.of.drugs..please.indicate.the.drugs.that.you.have.tried.over.the.past.12.month....No.drugs","For.the.below.list.of.drugs..please.indicate.the.drugs.that.you.have.tried.over.the.past.12.month....Other.","For.the.below.list.of.drugs..please.indicate.the.drugs.that.you.have.tried.over.the.past.12.month....Other..TEXT","For.the.below.list.of.drugs..please.indicate.the.drugs.that.you.have.tried.over.the.past.12.month....Marijuana.1","For.the.below.list.of.drugs..please.indicate.the.drugs.that.you.have.tried.over.the.past.12.month....Stimulants.1","For.the.below.list.of.drugs..please.indicate.the.drugs.that.you.have.tried.over.the.past.12.month....Cocaine.1","For.the.below.list.of.drugs..please.indicate.the.drugs.that.you.have.tried.over.the.past.12.month....Hallucinogens.1","For.the.below.list.of.drugs..please.indicate.the.drugs.that.you.have.tried.over.the.past.12.month....Opiates.1","For.the.below.list.of.drugs..please.indicate.the.drugs.that.you.have.tried.over.the.past.12.month....Sedatives.1","For.the.below.list.of.drugs..please.indicate.the.drugs.that.you.have.tried.over.the.past.12.month....No.drugs.1","For.the.below.list.of.drugs..please.indicate.the.drugs.that.you.have.tried.over.the.past.12.month....Other..1","For.the.below.list.of.drugs..please.indicate.the.drugs.that.you.have.tried.over.the.past.12.month....Other..TEXT.1","How.many.times.have.you.hit.up..i.e..injected.any.drugs..in.the.past.12.months.by.yourself.","How.many.times.have.you.hit.up..i.e..injected.any.drugs..in.the.past.12.months.with.others.","How.many.times.in.the.past.12.months.have.you.used.a.needle.after.someone.else.had.already.used.it.","How.often..in.the.past.12.months..have.you.cleaned.needles.before.re.using.them.","How.many.people.have.you.had.sex.with.in.the.past.12.months.","How.many.of.these.sexual.contacts.were.with..a..regular.partner.s.","Did.you.discuss.with.your.regular.partner.the.possibility.that.either.one.of.you.have.been.expose...","How.often.did.you.use.condoms.when.you.had.sex.with.your.regular.partner.s..in.the.past.12.months.","How.many.of.your.sexual.contacts.in.the.last.three.months.were.with..a..casual.partner.s.","Did.you.discuss.with.your.casual.partner.s..the.possibility.that.either.one.of.you.have.been.expo...","How.often.did.you.use.condoms.when.you.had.sex.with.casual.partners.in.the.past.12.months.","For.each.of.the.following.statements..please.indicate.the.likelihood.that.you.would.engage.in.the...","Admitting.that.your.tastes.are.different.from.those.of.friend.","Disagreeing.with.an.authority.figure.on.a.major.issue.","Choosing.a.career.that.you.truly.enjoy.over.a.more.secure.one.","Speaking.your.mind.about.an.unpopular.issue.in.a.meeting.at.work","Moving.to.a.city.far.away.from.your.extended.family","Starting.a.new.career.in.your.mid.thirties","People.differ.in.the.ways.they.act.and.think.in.different.situations..This.is.a.test.to.measure.s...","I.plan.tasks.carefully.","I.do.things.without.thinking.","I.make.up.my.mind.quickly.","I.am.happy.go.lucky.","I.don.t.pay.attention.","I.have.racing.thoughts.","I.plan.trips.well.ahead.of.time.","I.am.self.controlled.","I.concentrate.easily.","I.save.regularly.","I..squirm..at.plays.or.lectures.","I.am.a.carefull.thinker.","I.plan.for.job.security.","I.say.things.without.thinking.","I.like.to.think.about.complex.problems.","I.change.jobs.","I.act..on.impulse..","I.get.easily.bored.when.solving.thought.problems.","I.act.on.the.spur.of.the.moment.","I.am.a.steady.thinker.","I.change.where.I.live.","I.buy.things.on.impulse.","I.can.only.think.about.one.problem.at.a.time.","I.change.hobbies.","I.spend.or.charge.more.than.I.earn.","I.have.outside.thoughts.when.thinking.","I.am.more.interested.in.the.present.than.the.future.","I.am.restless.at.lectures.or.talks.","I.like.puzzles.","I.plan.for.the.future.","Here.are.some.pairs.of.statements.describing.peer.pressure.which.is.when.your.friends.encourage.y...","Do.your.friends.pressure.you.to...","How.much.do.your.friends.encourage.you.to.not..trash..things.or.vandalize.property.","How.much.do.your.friends.encourage.you.to..trash..or.vandalize.things..write.on.walls..break.wind...","Do.your.friends.pressure.you.to....1","How.much.do.your.friends.encourage.you.to.not.go..all.the.way...not.have.sexual.intercourse..","How.much.do.your.friends.encourage.you.to.have.sexual.intercourse..go..all.the.way...","Do.your.friends.pressure.you.to....2","How.much.do.your.friends.encourage.you.to.party..be.rowdy..","How.much.do.your.friends.encourage.you.to.not.party..not.be.rowdy..","Do.your.friends.pressure.you.to....3","How.much.do.your.friends.encourage.you.to.not.do.any.hard.drugs.","How.much.do.your.friends.encourage.you.to.do.hard.drugs.","Do.Did.your.friends.pressure.you.to...","How.much.do.did.your.friends.encourage.you.to.get.beer.or.liquor.before.you.are.21.","How.much.do.did.your.friends.encourage.you.to.not.get.beer.or.liquor.before.you.are.21.","Do.your.friends.pressure.you.to....4","How.much.do.your.friends.encourage.you.to.not.shoplift.or.steal.anything.","How.much.do.your.friends.encourage.you.to.steal.something..shoplift..raid.a.locker..etc.....","Do.your.friends.pressure.you.to....5","How.much.do.your.friends.encourage.you.to.smoke.cigarettes.","How.much.do.your.friends.encourage.you.to.not.smoke.cigarettes.","Do.your.friends.pressure.you.to....","How.much.do.your.friends.encourage.you.to.get.drunk.","How.much.do.your.friends.encourage.you.to.not.get.drunk.","For.each.question..decide.which.sort.of.person.you.are.most.like...the.one.described.ABOVE.or.the...","Which.sort.of.person.resembles.you.the.most.","How.much.is.this.true.","Which.sort.of.person.resembles.you.the.most..1","How.much.is.this.true..1","Which.sort.of.person.resembles.you.the.most..2","How.much.is.this.true..2","Which.sort.of.person.resembles.you.the.most..3","How.much.is.this.true..3","Which.sort.of.person.resembles.you.the.most..4","How.much.is.this.true..4","Which.sort.of.person.resembles.you.the.most..5","How.much.is.this.true..5","Which.sort.of.person.resembles.you.the.most..6","How.much.is.this.true..6","Which.sort.of.person.resembles.you.the.most..7","How.much.is.this.true..7","Which.sort.of.person.resembles.you.the.most..8","How.much.is.this.true..8","Which.sort.of.person.resembles.you.the.most..9","How.much.is.this.true..9","For.each.of.the.statements.below..please.indicate.to.what.extent.the.statement.is.characteristic...","An.expert.who.doesn.t.come.up.with.a.definite.answer.probably.doesn.t.know.too.much..","I.would.like.to.live.in.a.foreign.country.for.a.while.","There.is.really.no.such.thing.as.a.problem.that.can.t.be.solved.","People.who.fit.their.lives.to.a.schedule.probably.miss.most.of.the.joy.of.living.","A.good.job.is.one.where.what.is.to.be.done.and.how.it.is.to.be.done.are.always.clear.","It.is.more.fun.to.tackle.a.complicated.problem.than.to.solve.a.simple.one.","In.the.long.run.it.is.possible.to.get.more.done.by.tackling.small..simple.problems.rather.than.la...","Often.the.most.interesting.and.stimulating.people.are.those.who.don.t.mind.being.different.and.or...","What.we.are.used.to.is.always.preferable.to.what.is.unfamiliar.","People.who.insist.upon.a.yes.or.no.answer.just.don.t.know.how.complicated.things.really.are.","A.person.who.leads.an.even..regular.life.in.which.few.surprises.or.unexpected.happenings.arise.re...","Many.of.our.most.important.decisions.are.based.upon.insufficient.information.","I.like.parties.where.I.know.most.of.the.people.more.than.ones.where.most.of.the.people.are.comple...","Teachers.or.supervisors.who.hand.out.vague.assignments.give.one.a.chance.to.show.initiative.and.o...","The.sooner.we.all.acquire.similar.values.and.ideals.the.better.","A.good.teacher.is.one.who.makes.you.wonder.about.your.way.of.looking.at.things.","Finally..we.would.like.to.receive.some.demographic.information.from.you.","What.is.your.age.","What.is.your.gender.","Which.best.describes.your.ethnicity.","Which.best.describes.your.race.","Are.you.a..CU..student.or.employee.","Which.best.describes.your.formal.education.","Please.describe.your.sexual.attraction.toward.the..androphilic..i.e..I.am.sexually.attracted.to.m...","Please.describe.your.sexual.attraction.toward.the..gynephilic..i.e..I.am.sexually.attracted.to.wo...","Participant"
1,1,1,2,1,2,0,0,0,0,0,0,0,0,0,0,0,0,1,5,5,5,4,4,5,4,4,1,1,1,1,0,0,0,0,0,0,1,1,1,NA,NA,1,NA,NA,NA,NA,"",1,NA,NA,1,NA,NA,NA,NA,"",3,3,0,1,0,NA,NA,NA,NA,NA,NA,1,6,5,7,6,5,5,1,3,2,3,4,3,3,3,3,3,4,3,3,2,2,4,2,2,2,3,3,2,2,3,2,1,3,3,2,3,4,1,0,NA,NA,0,NA,NA,1,2,NA,0,NA,NA,1,2,NA,0,NA,NA,1,1,NA,1,2,NA,1,1,2,2,1,1,2,2,1,1,1,1,1,1,2,2,2,1,1,2,1,1,5,7,6,3,7,7,7,6,3,4,2,3,3,4,4,6,1,23,2,2,2,1,5,1,7,1
2,1,1,4,2,5,2,3,1,2,3,3,0,1,2,2,2,2,1,4,2,3,3,2,3,5,4,1,1,1,1,1,1,0,0,0,1,1,1,1,1,NA,NA,1,1,NA,NA,"",1,1,1,1,1,1,NA,NA,"",0,0,NA,NA,1,1,1,1,0,NA,NA,1,6,7,4,3,6,4,1,2,3,1,2,3,4,2,2,2,2,2,3,2,3,2,3,2,2,2,2,3,2,1,NA,2,3,2,2,2,2,1,0,NA,NA,2,NA,2,0,NA,NA,0,NA,NA,1,3,NA,0,NA,NA,0,NA,NA,1,2,NA,1,1,2,1,2,1,2,1,2,NA,NA,2,2,1,2,2,1,2,2,2,2,1,2,7,3,5,4,5,5,7,5,6,4,5,6,5,4,7,1,20,2,2,5,1,3,1,7,2
4,1,1,2,1,2,0,0,0,1,0,0,0,1,0,0,0,0,1,4,2,3,1,4,4,1,2,1,0,1,0,0,0,0,0,0,0,1,1,NA,NA,NA,NA,NA,NA,1,NA,"",NA,NA,NA,NA,NA,NA,1,NA,"",0,0,NA,NA,0,NA,NA,NA,NA,NA,NA,1,5,5,7,6,2,5,1,4,2,2,2,2,NA,1,4,3,4,1,4,2,2,4,2,2,1,2,4,2,2,2,2,2,2,2,2,4,4,1,0,NA,NA,0,NA,NA,0,NA,NA,0,NA,NA,0,NA,NA,0,NA,NA,0,NA,NA,0,NA,NA,1,2,2,1,1,2,1,2,2,1,1,2,1,2,2,1,2,1,2,1,1,1,2,4,7,4,6,5,4,6,4,7,5,5,7,3,6,4,1,26,2,2,5,1,5,1,6,4
5,1,1,1,0,0,0,0,0,0,0,0,0,0,0,0,0,0,1,5,4,5,3,5,5,3,4,1,1,1,0,0,1,1,0,0,1,1,1,1,NA,NA,NA,NA,NA,NA,NA,"",1,NA,NA,NA,NA,NA,NA,NA,"",0,0,NA,NA,6,1,1,0,2,0,1,1,7,7,6,6,7,5,1,2,3,3,2,3,3,2,3,2,2,2,2,1,3,4,1,4,1,4,2,2,3,1,3,2,4,4,1,1,2,1,0,NA,NA,0,NA,NA,0,NA,NA,0,NA,NA,0,NA,NA,1,1,NA,0,NA,NA,0,NA,NA,1,2,2,1,1,1,1,2,2,1,1,1,1,2,1,2,1,1,1,2,2,1,4,5,6,5,5,7,7,7,6,7,4,7,6,2,5,7,1,18,1,1,5,1,3,6,7,5
6,1,1,2,0,2,0,2,0,1,0,1,0,0,1,1,0,0,1,5,5,5,3,4,5,5,3,1,1,1,1,0,1,0,0,0,1,1,1,1,NA,NA,NA,NA,NA,NA,NA,"",1,1,1,NA,NA,NA,NA,NA,"",0,0,NA,NA,2,1,1,0,0,NA,NA,1,7,5,2,3,4,4,1,2,3,2,2,2,3,1,2,2,1,2,2,3,2,3,3,3,3,3,1,2,3,1,2,3,3,1,2,2,3,1,0,NA,NA,0,NA,NA,1,2,NA,0,NA,NA,1,3,NA,0,NA,NA,0,NA,NA,1,2,NA,1,2,2,1,2,2,1,2,1,1,2,2,2,1,2,2,1,1,2,2,1,1,3,7,1,2,6,5,7,7,6,6,7,7,5,7,3,7,1,20,1,2,5,0,3,7,2,6
8,1,1,3,1,2,1,1,0,0,0,0,0,0,0,1,0,0,1,5,5,3,4,5,5,4,3,1,0,1,0,1,1,0,0,0,0,1,1,1,NA,NA,NA,NA,NA,NA,NA,"",1,NA,NA,NA,NA,NA,NA,NA,"",0,0,NA,NA,4,2,1,1,0,NA,NA,1,6,5,7,6,7,5,1,3,2,3,3,2,2,4,4,3,3,2,4,4,4,3,2,3,2,2,3,2,1,3,2,2,3,2,2,4,4,1,0,NA,NA,0,NA,NA,0,NA,NA,0,NA,NA,1,1,NA,0,NA,NA,0,NA,NA,0,NA,NA,1,1,1,1,1,1,2,2,1,1,1,2,1,1,2,2,1,1,1,2,1,1,5,7,2,2,6,6,5,6,2,5,3,3,5,6,3,6,1,21,2,2,2,1,3,4,6,8
9,1,1,3,0,3,0,3,0,0,1,0,0,0,1,1,1,0,1,4,5,4,3,5,5,5,4,1,0,1,0,0,1,0,0,1,1,1,1,NA,NA,NA,NA,NA,NA,1,NA,"",1,NA,1,NA,NA,NA,NA,NA,"",0,1,0,0,6,2,0,3,1,0,3,1,7,6,7,5,4,7,1,3,3,2,3,3,3,2,4,4,3,1,4,2,1,4,4,3,1,3,4,2,1,1,2,1,3,2,2,4,2,1,0,NA,NA,2,NA,3,0,NA,NA,0,NA,NA,1,2,NA,0,NA,NA,2,NA,3,1,2,NA,1,1,2,1,1,2,1,2,1,2,2,2,1,2,1,2,2,1,1,1,1,1,5,7,7,5,1,7,6,6,6,7,1,1,7,2,2,5,1,22,2,2,5,1,3,1,7,9
11,1,1,2,0,0,0,1,0,0,0,0,0,0,0,0,0,0,1,4,5,5,4,4,5,3,4,1,0,1,0,0,0,0,0,0,0,1,1,NA,NA,NA,NA,NA,NA,1,NA,"",NA,NA,NA,NA,NA,NA,1,NA,"",0,0,NA,NA,2,2,1,4,0,NA,NA,1,7,6,7,6,7,5,1,2,2,2,4,2,4,2,2,1,2,4,2,1,3,4,2,4,1,3,1,3,4,2,2,2,3,3,2,1,2,1,0,NA,NA,0,NA,NA,0,NA,NA,0,NA,NA,0,NA,NA,0,NA,NA,0,NA,NA,0,NA,NA,1,1,2,1,1,2,2,2,1,1,1,2,1,2,1,2,1,1,2,2,1,1,2,7,3,6,3,7,3,7,2,5,3,4,3,6,3,7,1,18,1,2,5,1,1,6,2,11
12,1,1,0,NA,NA,NA,NA,NA,NA,NA,NA,NA,NA,NA,NA,NA,NA,1,1,1,5,3,1,1,1,1,1,0,0,0,0,0,0,0,0,0,0,1,NA,NA,NA,NA,NA,NA,1,NA,"",NA,NA,NA,NA,NA,NA,1,NA,"",0,0,NA,NA,0,NA,NA,NA,NA,NA,NA,1,3,4,7,4,4,4,1,3,2,2,2,4,2,3,2,1,2,2,2,2,2,3,2,2,2,2,2,2,1,4,2,2,4,4,4,4,3,1,0,NA,NA,0,NA,NA,0,NA,NA,0,NA,NA,0,NA,NA,0,NA,NA,0,NA,NA,0,NA,NA,1,1,1,1,2,2,1,1,1,1,1,1,1,2,1,1,1,2,2,1,2,1,4,4,4,4,4,4,4,4,4,4,4,4,4,4,4,4,1,23,2,2,5,1,5,1,6,12
13,1,1,2,2,4,0,3,0,0,0,2,0,0,1,1,2,0,1,5,4,4,5,5,5,4,4,1,1,1,1,1,1,1,0,0,1,1,1,1,1,NA,NA,NA,NA,NA,NA,"",1,1,1,1,NA,NA,NA,NA,"",0,0,NA,NA,4,1,0,1,3,1,3,1,6,7,7,5,7,5,1,2,3,2,3,3,2,2,4,2,2,2,3,2,3,3,3,3,2,3,3,3,3,4,3,2,3,4,2,2,2,1,2,NA,1,0,NA,NA,1,2,NA,0,NA,NA,1,1,NA,1,1,NA,0,NA,NA,1,1,NA,1,2,1,1,2,2,1,2,1,1,2,2,1,2,2,2,1,1,2,2,2,1,5,7,6,3,2,6,5,6,3,2,2,6,6,5,2,6,1,18,2,2,5,1,3,4,7,13
14,1,1,2,0,2,0,1,0,1,0,1,0,0,1,0,0,1,1,3,4,5,2,3,2,2,5,1,1,1,1,0,1,0,0,0,1,1,1,NA,NA,NA,NA,NA,NA,1,NA,"",1,NA,1,NA,NA,NA,NA,1,"Molly, Acid",0,1,0,1,5,4,1,2,1,2,3,1,7,7,7,5,4,4,1,3,2,2,3,2,2,3,4,3,2,1,4,2,1,3,2,3,2,3,4,3,2,2,2,1,2,2,2,4,4,1,1,1,NA,0,NA,NA,0,NA,NA,0,NA,NA,1,2,NA,0,NA,NA,2,NA,2,0,NA,NA,1,1,2,1,1,2,1,2,2,1,2,1,1,1,2,2,2,1,2,2,1,1,1,6,2,3,3,4,4,7,5,6,2,6,7,6,2,7,1,20,1,2,5,1,1,NA,2,14
16,1,1,3,1,1,0,1,0,1,0,1,0,0,0,1,0,0,1,5,3,5,3,3,1,3,3,1,0,1,1,1,1,0,0,0,0,0,1,1,NA,NA,NA,1,NA,NA,NA,"",NA,NA,NA,NA,NA,NA,1,NA,"",0,0,NA,NA,3,1,1,4,2,1,2,1,7,5,4,4,6,6,1,2,2,2,2,2,3,2,4,2,2,4,3,3,2,4,2,3,2,2,2,1,1,1,1,2,3,2,4,3,4,1,0,NA,NA,0,NA,NA,0,NA,NA,0,NA,NA,0,NA,NA,0,NA,NA,0,NA,NA,0,NA,NA,1,1,2,1,1,2,1,2,1,1,1,2,1,2,1,2,1,1,2,2,2,1,1,5,7,2,1,7,4,6,2,4,4,5,6,6,2,6,1,31,2,2,5,0,5,1,7,16
17,1,1,4,0,1,0,2,0,0,0,0,0,0,0,0,0,0,1,5,5,4,4,3,4,5,3,1,1,1,1,0,0,0,0,0,1,1,1,1,NA,NA,NA,NA,NA,NA,NA,"",1,1,NA,NA,NA,NA,NA,NA,"",0,0,NA,NA,1,1,0,4,0,NA,NA,1,4,5,2,3,7,5,1,3,2,2,3,2,2,2,4,3,4,2,4,3,1,4,3,2,2,4,4,NA,2,4,4,2,3,2,3,3,4,1,0,NA,NA,2,NA,3,0,NA,NA,0,NA,NA,1,3,NA,1,1,NA,0,NA,NA,1,2,NA,1,1,2,1,1,2,2,2,1,1,1,2,1,2,1,2,1,1,1,1,1,1,1,6,1,4,3,6,5,7,1,7,1,7,7,7,2,7,1,23,2,2,5,0,5,7,1,17
18,1,1,1,0,1,0,0,0,0,0,0,0,0,0,0,0,0,1,5,5,5,4,3,4,4,4,1,1,1,0,0,0,0,0,0,0,0,1,1,NA,NA,NA,NA,NA,NA,NA,"",NA,NA,NA,NA,NA,NA,1,NA,"",0,0,NA,NA,2,1,0,4,2,0,4,1,3,7,7,7,7,5,1,3,3,2,NA,3,4,3,2,3,3,3,3,2,2,2,2,2,3,3,NA,2,2,2,2,2,3,3,3,2,3,1,0,NA,NA,0,NA,NA,1,1,NA,0,NA,NA,0,NA,NA,0,NA,NA,1,1,NA,0,NA,NA,1,1,1,1,1,1,2,NA,NA,1,2,1,1,1,1,1,2,1,1,1,1,1,4,7,5,6,3,3,6,7,5,5,6,5,7,2,5,6,1,18,2,2,5,1,1,4,4,18
19,1,1,1,0,1,0,1,0,0,0,0,0,0,0,0,0,0,1,4,5,3,4,4,5,3,4,1,1,1,1,1,1,0,0,0,1,1,1,NA,NA,NA,NA,NA,NA,1,NA,"",1,1,NA,1,NA,1,NA,NA,"",0,0,NA,NA,3,2,0,2,0,NA,NA,1,6,7,5,6,7,4,1,2,3,NA,NA,NA,NA,NA,NA,2,3,4,3,2,2,3,NA,2,2,3,3,2,2,1,2,2,3,2,4,2,3,1,0,NA,NA,0,NA,NA,0,NA,NA,0,NA,NA,0,NA,NA,0,NA,NA,2,NA,1,0,NA,NA,1,1,2,1,2,2,2,2,1,1,2,2,2,2,2,2,2,1,1,2,2,1,3,4,6,6,5,5,5,3,3,6,4,5,6,6,1,6,1,18,2,2,5,1,3,4,7,19
20,1,1,2,0,2,0,2,0,0,0,2,0,0,1,1,0,0,1,4,2,5,4,4,4,2,3,1,1,1,1,0,1,0,1,0,1,1,1,1,NA,NA,NA,NA,NA,NA,NA,"",1,1,NA,1,NA,1,NA,NA,"",0,0,NA,NA,7,6,0,3,7,1,3,1,6,4,6,5,7,3,1,3,3,4,2,2,3,2,3,2,2,4,3,4,2,2,3,3,3,3,3,2,4,3,3,1,3,2,1,1,3,1,1,2,NA,2,NA,3,0,NA,NA,0,NA,NA,1,2,NA,1,2,NA,0,NA,NA,1,2,NA,1,1,2,1,1,1,1,1,1,2,2,1,1,1,1,1,1,2,1,1,1,1,2,6,6,3,5,6,6,7,7,5,6,4,7,7,2,6,1,18,2,2,5,1,3,1,7,20
21,1,1,3,2,3,2,3,0,0,0,0,0,1,0,0,1,0,1,5,4,5,3,2,2,5,4,1,1,1,1,0,0,0,0,0,0,0,1,1,NA,NA,NA,NA,NA,NA,NA,"",1,NA,NA,1,NA,NA,NA,1,"Ketamine and MDMA",0,0,NA,NA,0,NA,NA,NA,NA,NA,NA,1,7,7,5,6,4,2,1,3,2,2,4,2,2,3,3,3,4,4,3,3,2,3,2,2,2,2,4,1,2,1,2,2,2,3,4,2,3,1,0,NA,NA,2,NA,3,1,3,NA,2,NA,2,1,3,NA,0,NA,NA,2,NA,2,1,2,NA,1,1,2,1,1,1,2,2,2,2,2,1,2,1,1,2,1,1,1,1,2,1,1,7,2,6,7,3,7,7,2,6,5,7,2,2,2,7,1,20,2,2,5,1,1,1,7,21
22,1,1,0,NA,NA,NA,NA,NA,NA,NA,NA,NA,NA,NA,NA,NA,NA,1,5,5,4,3,3,4,3,4,1,1,1,0,0,0,1,1,0,1,1,1,NA,NA,NA,NA,NA,NA,1,NA,"",NA,NA,NA,NA,NA,NA,1,NA,"",0,0,NA,NA,2,2,0,4,1,0,4,1,6,5,6,6,5,4,1,3,1,2,1,1,3,3,3,3,2,1,4,3,1,3,2,1,2,1,4,1,1,3,2,2,3,2,2,3,4,1,0,NA,NA,0,NA,NA,0,NA,NA,0,NA,NA,0,NA,NA,0,NA,NA,0,NA,NA,0,NA,NA,1,1,1,1,1,2,1,2,1,1,1,1,2,1,2,2,1,1,1,2,2,1,4,3,5,4,5,6,6,7,6,6,6,5,7,5,6,6,1,18,2,1,0,1,1,2,7,22
24,1,1,2,0,4,0,3,0,0,0,0,0,0,0,1,0,0,1,5,3,2,3,4,4,4,3,1,0,1,1,1,0,0,0,0,1,1,1,1,NA,NA,NA,NA,NA,NA,NA,"",1,NA,NA,1,NA,NA,NA,NA,"",0,0,NA,NA,1,1,0,4,0,NA,NA,1,7,7,6,6,7,4,1,3,2,3,3,2,3,3,4,4,3,2,3,4,2,4,2,2,1,3,4,2,2,2,2,2,2,3,2,3,4,1,0,NA,NA,0,NA,NA,0,NA,NA,0,NA,NA,0,NA,NA,0,NA,NA,0,NA,NA,0,NA,NA,1,2,1,1,1,2,1,2,1,1,1,2,1,2,1,2,1,1,1,2,2,1,2,4,3,2,5,6,6,7,2,2,5,5,6,5,2,6,1,19,2,2,5,1,3,1,7,24
25,1,1,0,NA,NA,NA,NA,NA,NA,NA,NA,NA,NA,NA,NA,NA,NA,1,5,5,5,3,4,2,3,5,1,1,1,1,0,0,0,0,0,1,1,1,1,NA,NA,NA,NA,NA,NA,NA,"",1,NA,NA,NA,NA,NA,NA,NA,"",0,0,NA,NA,0,NA,NA,NA,NA,NA,NA,1,6,2,2,6,7,6,1,1,1,2,3,1,3,3,4,4,1,1,4,2,2,4,2,2,1,2,4,2,2,3,2,2,2,4,2,4,3,1,1,3,NA,2,NA,2,1,3,NA,2,NA,2,1,3,NA,1,2,NA,2,NA,3,1,3,NA,1,1,1,1,2,2,2,2,1,1,2,2,2,2,1,2,1,2,2,1,2,1,1,7,7,5,2,5,6,7,1,6,2,5,2,6,2,7,1,19,1,2,5,1,3,5,5,25
26,1,1,1,0,2,NA,1,NA,0,0,0,0,0,1,1,0,0,1,4,4,4,4,4,3,3,5,1,0,1,1,1,1,0,1,0,1,1,1,1,1,NA,1,NA,NA,NA,1,"phenethylamines",1,1,NA,1,NA,NA,NA,1,"phenethylamines",0,0,NA,NA,3,2,0,3,2,0,4,1,5,6,6,6,6,6,1,3,2,3,2,2,4,3,3,2,3,2,3,2,2,4,1,3,2,3,3,2,2,2,2,2,3,2,2,3,4,1,0,NA,NA,0,NA,NA,0,NA,NA,0,NA,NA,0,NA,NA,0,NA,NA,0,NA,NA,0,NA,NA,1,1,2,1,1,1,2,2,1,1,2,2,2,2,1,2,1,1,1,2,2,1,2,7,2,5,2,7,4,7,5,6,3,6,3,3,5,7,1,19,2,2,2,1,1,3,7,26
27,1,1,4,1,4,0,3,0,3,0,2,1,0,0,1,2,0,1,5,5,4,5,5,NA,4,4,1,1,1,1,0,1,0,0,0,1,0,1,NA,NA,NA,NA,1,NA,NA,NA,"",1,1,1,1,1,1,NA,NA,"",0,0,NA,NA,4,0,NA,NA,4,0,3,1,6,7,5,6,7,7,1,2,NA,1,2,1,4,3,3,2,2,3,4,2,2,3,3,2,3,2,2,2,3,1,3,3,4,2,3,4,2,1,1,2,NA,2,NA,2,1,3,NA,0,NA,NA,1,3,NA,0,NA,NA,0,NA,NA,1,3,NA,1,1,2,1,1,2,2,2,1,1,2,2,1,1,1,2,1,1,1,1,2,1,6,7,7,5,7,7,3,7,5,6,4,6,7,2,2,7,1,22,1,2,3,1,1,7,3,27
28,1,1,3,1,2,1,2,0,0,0,1,0,0,0,0,0,0,1,3,2,4,3,1,3,3,3,1,1,1,0,1,0,0,0,0,1,1,1,1,NA,NA,NA,NA,NA,NA,NA,"",1,NA,NA,NA,NA,NA,NA,NA,"",0,0,NA,NA,0,NA,NA,NA,NA,NA,NA,1,5,6,6,5,3,3,1,2,3,3,3,2,3,1,3,2,2,3,3,2,3,4,2,4,1,4,3,2,2,1,3,1,3,2,3,4,2,1,0,NA,NA,2,NA,1,1,2,NA,0,NA,NA,1,2,NA,0,NA,NA,0,NA,NA,1,1,NA,1,1,2,1,2,1,2,2,2,2,2,2,1,1,2,2,2,1,1,1,2,1,3,5,6,5,5,4,4,7,2,6,4,4,6,3,2,6,1,21,2,2,5,1,3,1,7,28
29,1,1,0,NA,NA,NA,NA,NA,NA,NA,NA,NA,NA,NA,NA,NA,NA,1,4,2,4,2,2,2,1,1,1,0,0,0,0,0,0,0,0,1,1,1,NA,NA,NA,NA,NA,NA,1,NA,"",NA,NA,NA,NA,NA,NA,1,NA,"",0,0,NA,NA,0,NA,NA,NA,NA,NA,NA,1,7,6,7,6,6,3,1,2,2,2,2,2,3,3,3,3,4,3,NA,3,2,3,2,2,1,2,4,2,1,2,2,1,2,3,2,4,3,1,1,2,NA,0,NA,NA,0,NA,NA,0,NA,NA,0,NA,NA,0,NA,NA,0,NA,NA,0,NA,NA,1,2,1,1,2,2,1,2,2,2,1,2,2,1,2,2,1,1,1,2,1,1,5,2,6,5,5,7,4,6,5,6,4,5,5,5,2,6,1,19,2,2,2,1,1,1,7,29
30,1,1,1,1,2,0,2,0,1,0,1,1,0,0,1,0,0,1,4,2,5,3,4,4,4,3,1,1,1,1,0,1,0,0,1,1,0,1,1,NA,1,NA,NA,NA,NA,NA,"",1,NA,1,1,NA,NA,NA,NA,"",0,0,NA,NA,1,1,1,0,0,NA,NA,1,6,5,4,5,7,3,1,4,NA,NA,2,2,3,3,3,2,2,1,2,2,2,3,2,2,1,2,3,3,3,3,2,3,2,2,2,4,3,1,0,NA,NA,0,NA,NA,1,2,NA,2,NA,2,1,3,NA,1,2,NA,1,3,NA,1,2,NA,1,2,2,1,2,1,2,2,1,1,1,2,1,1,2,2,1,1,2,2,1,1,4,6,5,5,6,6,6,7,7,3,5,5,7,5,6,5,1,20,1,2,6,1,3,7,1,30
31,1,1,3,0,2,0,3,0,0,0,2,0,0,1,0,0,0,1,4,4,5,4,NA,5,4,3,1,1,1,1,1,1,1,0,0,1,0,1,NA,1,NA,NA,NA,NA,NA,NA,"",1,1,NA,NA,NA,NA,NA,NA,"",0,0,NA,NA,3,2,0,1,1,0,1,1,7,6,3,6,6,2,1,4,2,2,2,1,2,4,4,3,2,2,4,3,2,4,1,2,2,2,3,2,2,1,2,1,2,1,1,4,3,1,0,NA,NA,0,NA,NA,1,2,NA,0,NA,NA,0,NA,NA,0,NA,NA,0,NA,NA,0,NA,NA,1,1,2,1,2,2,1,2,1,1,2,2,1,1,2,2,1,2,2,2,2,1,5,5,5,2,5,5,4,6,6,3,3,3,5,3,3,6,1,19,1,2,5,1,3,6,2,31
32,1,1,3,1,3,0,3,0,1,0,1,0,0,1,1,0,0,1,5,5,2,3,4,5,4,4,1,1,1,1,1,1,1,1,0,1,1,1,1,NA,NA,NA,NA,NA,NA,NA,"",1,1,1,1,NA,NA,NA,NA,"",0,0,NA,NA,3,1,1,0,0,NA,NA,1,6,5,5,4,6,4,1,3,2,2,3,2,3,4,3,2,2,4,3,2,2,3,3,3,2,2,3,1,3,2,2,1,3,1,2,1,4,1,0,NA,NA,2,NA,2,1,1,NA,0,NA,NA,0,NA,NA,0,NA,NA,0,NA,NA,1,1,NA,1,1,2,1,1,2,2,1,2,1,1,2,1,1,1,2,1,1,1,1,2,1,3,7,6,1,2,6,5,6,2,5,2,6,7,6,2,7,1,21,2,1,5,1,3,1,7,32
33,1,1,2,0,1,0,0,0,0,NA,0,0,0,0,0,0,0,1,2,2,2,2,1,3,2,1,1,0,1,0,0,0,0,0,0,0,0,1,NA,NA,NA,NA,NA,NA,NA,NA,"",NA,NA,NA,NA,NA,NA,NA,NA,"",0,0,NA,NA,0,NA,NA,NA,NA,NA,NA,1,5,3,7,3,6,3,1,4,2,3,2,1,2,3,4,3,2,2,3,3,2,2,2,1,2,2,3,2,3,2,2,2,2,3,3,4,4,1,0,NA,NA,0,NA,NA,0,NA,NA,0,NA,NA,0,NA,NA,0,NA,NA,0,NA,NA,0,NA,NA,1,1,2,1,1,2,1,2,2,1,1,2,1,1,2,2,2,2,2,2,1,1,3,3,NA,NA,2,2,5,6,6,3,7,5,6,5,6,5,1,25,1,2,5,3,6,6,3,33
34,1,1,0,NA,NA,NA,NA,NA,NA,NA,NA,NA,NA,NA,NA,NA,NA,1,5,2,4,4,4,5,3,2,1,0,0,0,0,0,0,0,1,1,1,1,NA,NA,NA,NA,NA,NA,1,NA,"",NA,NA,NA,NA,NA,NA,1,NA,"",0,0,NA,NA,0,NA,NA,NA,NA,NA,NA,1,6,5,6,5,7,6,1,3,2,3,4,2,2,3,4,3,4,2,3,2,1,3,2,2,1,2,3,3,1,2,2,1,2,2,1,4,4,1,0,NA,NA,0,NA,NA,1,1,NA,0,NA,NA,0,NA,NA,0,NA,NA,0,NA,NA,0,NA,NA,1,2,2,1,1,2,2,2,1,1,1,1,2,2,1,1,2,1,1,1,1,1,3,7,6,3,6,6,3,6,5,3,5,1,5,5,5,6,1,25,2,2,2,1,6,3,5,34
35,1,1,4,0,2,0,2,0,0,0,0,0,0,1,1,0,0,1,5,5,5,5,5,4,3,5,1,1,1,1,0,1,1,0,0,1,1,1,1,NA,NA,NA,NA,NA,NA,NA,"",1,NA,1,1,NA,NA,NA,NA,"",NA,0,NA,NA,3,2,0,0,0,NA,NA,1,6,3,7,3,7,7,1,2,3,1,2,2,1,2,3,1,2,3,3,1,3,1,3,2,2,3,2,4,3,3,2,1,4,4,2,4,2,1,0,NA,NA,0,NA,NA,0,NA,NA,0,NA,NA,1,2,NA,0,NA,NA,0,NA,NA,0,NA,NA,1,1,1,1,2,1,2,2,2,2,1,1,2,2,1,2,2,1,2,2,2,1,4,6,6,7,3,6,2,7,2,7,4,6,7,7,1,7,1,23,1,2,5,0,5,2,7,35
36,1,1,2,0,1,0,1,0,0,0,0,0,0,0,0,0,0,1,4,2,5,4,3,4,4,3,1,0,1,0,0,1,1,0,0,1,1,1,NA,NA,NA,NA,NA,NA,1,NA,"",1,NA,NA,NA,NA,NA,NA,NA,"",0,1,0,0,3,3,1,3,0,NA,NA,1,7,4,5,6,7,1,1,4,2,2,3,2,2,3,3,3,3,2,3,4,2,3,2,2,1,2,3,2,2,3,1,1,2,2,3,4,4,1,0,NA,NA,0,NA,NA,1,1,NA,0,NA,NA,0,NA,NA,0,NA,NA,0,NA,NA,1,2,NA,1,2,2,2,2,2,1,2,1,1,1,2,1,1,2,2,1,1,2,2,2,1,2,7,6,1,3,5,4,6,5,6,5,3,6,6,2,6,1,21,1,2,5,1,3,7,4,36
37,1,1,3,0,2,0,2,0,0,0,1,0,0,1,1,0,0,1,5,5,5,3,3,5,5,2,1,0,1,1,0,1,1,0,0,1,1,1,NA,NA,NA,NA,NA,NA,1,NA,"",1,NA,NA,NA,NA,NA,NA,NA,"",0,0,NA,NA,6,5,1,1,4,3,3,1,6,3,2,5,7,7,1,3,2,3,4,2,NA,4,4,3,4,2,4,4,1,4,2,2,1,2,4,3,4,4,4,1,4,2,2,4,4,1,1,3,NA,0,NA,NA,1,1,NA,0,NA,NA,0,NA,NA,1,3,NA,2,NA,3,1,1,NA,1,2,2,2,1,2,1,2,1,1,1,2,1,1,1,2,2,2,2,2,2,1,6,7,1,3,3,4,5,7,6,6,5,3,5,2,3,4,1,18,1,2,5,1,1,7,1,37
38,1,1,2,1,2,0,1,0,0,0,0,0,0,1,1,0,0,1,4,1,4,2,3,4,4,3,1,0,1,1,0,1,0,0,0,0,1,1,1,NA,NA,NA,NA,NA,NA,NA,"",1,1,NA,NA,NA,NA,NA,NA,"",0,0,NA,NA,1,1,1,3,0,NA,NA,1,6,4,5,2,5,3,1,3,2,2,2,2,2,3,4,3,3,2,3,2,1,3,2,2,2,2,3,2,2,3,1,2,2,2,2,3,4,1,0,NA,NA,0,NA,NA,1,2,NA,0,NA,NA,1,2,NA,0,NA,NA,0,NA,NA,0,NA,NA,1,2,2,1,1,2,1,1,2,1,2,2,1,1,2,2,1,2,2,2,2,1,3,6,3,2,6,5,4,6,5,5,3,3,7,4,5,5,1,22,1,2,5,1,5,6,4,38
39,1,1,3,1,2,0,1,0,0,0,0,0,1,0,0,0,0,1,2,1,4,2,3,2,4,2,1,0,1,0,0,1,0,0,0,0,1,1,NA,NA,NA,NA,NA,1,NA,NA,"",1,1,NA,NA,NA,1,NA,NA,"",0,0,NA,NA,6,2,1,2,0,NA,NA,1,6,5,6,4,6,3,1,3,2,3,3,2,3,4,3,2,2,4,3,3,2,4,2,1,1,1,3,2,1,2,1,2,4,2,4,4,4,1,NA,NA,NA,0,NA,NA,0,NA,NA,0,NA,NA,1,1,NA,0,NA,NA,2,NA,3,1,1,NA,1,2,2,1,1,2,1,1,2,1,1,2,1,2,1,2,1,1,1,1,2,1,3,2,6,2,3,6,5,7,3,3,4,1,7,5,2,7,1,22,1,2,5,1,5,7,4,39
40,1,1,3,1,3,0,2,0,1,0,1,1,0,1,2,0,0,1,3,2,4,2,2,1,3,2,1,0,1,0,0,1,0,1,0,0,0,1,NA,NA,NA,NA,NA,NA,1,NA,"",1,NA,NA,NA,NA,NA,NA,NA,"",0,0,NA,NA,3,1,1,0,2,1,2,1,6,2,5,2,1,6,1,4,1,1,2,2,3,4,4,2,3,4,4,3,2,4,2,1,2,1,4,2,4,2,2,3,4,3,3,2,3,1,0,NA,NA,0,NA,NA,0,NA,NA,0,NA,NA,0,NA,NA,0,NA,NA,0,NA,NA,0,NA,NA,1,1,2,2,2,2,1,2,2,1,1,2,1,2,1,2,1,2,2,2,2,1,2,6,4,2,6,5,6,4,6,5,5,4,6,4,2,6,1,25,1,1,5,1,4,6,4,40
41,1,1,1,0,1,0,0,0,0,0,0,0,0,0,0,0,0,1,4,5,2,2,4,5,1,1,1,0,1,0,0,0,0,1,0,0,1,1,NA,NA,NA,NA,NA,NA,1,NA,"",NA,NA,NA,NA,NA,NA,NA,NA,"",0,0,NA,NA,0,NA,NA,NA,NA,NA,NA,1,6,5,2,3,5,5,1,4,2,3,3,2,1,4,3,3,3,2,2,3,1,3,2,2,2,2,3,2,2,2,1,1,2,2,2,1,3,1,0,NA,NA,0,NA,NA,0,NA,NA,0,NA,NA,0,NA,NA,0,NA,NA,0,NA,NA,0,NA,NA,1,2,2,1,1,2,1,2,2,1,1,2,1,2,1,1,1,1,2,2,1,1,5,7,6,3,5,3,5,7,4,3,4,6,NA,1,4,5,1,20,1,2,5,1,3,6,5,41
42,1,1,1,0,0,0,0,0,0,0,0,0,0,0,0,0,0,1,4,4,5,4,3,3,2,3,1,1,1,1,0,0,0,0,0,1,0,1,NA,NA,NA,NA,NA,NA,1,NA,"",1,NA,NA,NA,NA,NA,NA,NA,"",0,0,NA,NA,2,2,0,4,0,NA,NA,1,5,1,3,3,3,3,1,3,2,3,3,3,2,2,4,2,2,3,3,3,1,3,2,2,1,2,2,2,2,3,2,1,3,2,4,4,4,1,0,NA,NA,0,NA,NA,0,NA,NA,0,NA,NA,1,1,NA,0,NA,NA,2,NA,1,0,NA,NA,1,1,2,1,1,2,2,2,1,1,2,2,1,1,1,2,1,2,1,1,1,1,5,2,7,6,7,4,3,7,2,3,7,2,7,2,5,7,1,19,1,1,5,1,3,7,2,42
43,1,1,3,0,4,0,3,0,1,0,1,0,0,1,1,0,0,1,4,5,4,3,1,3,4,3,1,1,1,1,0,1,0,0,0,1,1,1,1,NA,NA,NA,NA,NA,1,NA,"",1,NA,NA,NA,NA,NA,NA,NA,"",0,0,NA,NA,2,1,1,4,1,2,0,1,7,6,7,7,6,5,1,3,2,2,4,2,4,3,3,3,2,1,4,2,1,2,2,2,2,3,3,2,4,3,4,3,4,2,2,2,4,1,0,NA,NA,0,NA,NA,1,3,NA,0,NA,NA,1,2,NA,0,NA,NA,2,NA,2,1,3,NA,1,1,1,1,1,2,2,2,1,1,1,2,1,2,2,2,1,1,2,1,2,1,2,7,1,2,4,4,3,7,2,6,4,2,7,2,1,5,1,19,1,2,5,1,3,6,1,43
44,1,1,2,0,0,0,1,0,0,0,0,0,0,0,0,0,0,1,5,5,2,2,1,1,1,1,1,0,1,0,0,1,0,0,0,0,0,1,NA,NA,NA,NA,NA,NA,1,NA,"",NA,NA,NA,NA,NA,NA,1,NA,"",0,0,NA,NA,2,2,1,3,0,NA,NA,1,6,5,6,5,7,2,1,3,1,1,1,1,2,2,4,3,4,3,4,3,1,3,3,1,1,2,4,3,1,3,2,1,2,1,2,2,4,1,0,NA,NA,0,NA,NA,0,NA,NA,1,3,NA,0,NA,NA,1,3,NA,2,NA,3,0,NA,NA,1,1,2,1,2,2,1,2,2,1,1,1,2,1,1,2,1,1,2,1,2,1,1,7,1,2,3,4,4,6,3,6,5,7,1,5,1,6,1,25,2,2,5,1,5,1,7,44
45,1,1,2,0,1,0,1,0,0,0,0,0,0,0,0,0,0,1,4,5,4,3,2,4,2,4,1,1,1,1,0,1,0,0,0,1,1,1,1,NA,NA,NA,NA,NA,NA,NA,"",1,1,1,1,NA,NA,NA,NA,"",0,0,NA,NA,3,1,1,3,0,NA,NA,1,7,6,7,5,7,7,1,3,1,2,2,1,3,3,1,3,3,2,4,2,1,4,2,2,2,3,1,3,2,1,2,1,3,2,1,4,3,1,0,NA,NA,0,NA,NA,0,NA,NA,0,NA,NA,0,NA,NA,0,NA,NA,0,NA,NA,0,NA,NA,1,2,2,1,2,2,1,2,1,1,1,2,1,1,2,2,1,1,2,2,2,1,1,7,5,4,2,7,4,7,5,6,3,5,7,5,5,7,1,20,1,2,5,1,1,7,4,45
46,1,1,2,0,2,0,1,0,0,0,0,0,0,1,1,1,0,1,5,4,4,2,3,5,2,4,1,1,1,1,1,1,0,1,1,1,1,1,NA,NA,NA,NA,NA,NA,1,NA,"",1,NA,NA,1,NA,NA,NA,NA,"",0,2,0,0,2,1,1,0,0,NA,NA,1,7,7,7,7,3,6,1,3,2,1,2,1,3,2,3,4,3,3,4,3,1,4,3,2,1,2,4,2,3,1,3,1,3,1,2,3,4,1,0,NA,NA,0,NA,NA,1,1,NA,0,NA,NA,0,NA,NA,0,NA,NA,2,NA,2,1,1,NA,1,2,1,1,2,2,1,2,1,2,2,2,1,2,2,2,1,1,2,2,2,1,1,5,1,2,6,7,3,6,2,7,3,7,7,5,1,7,1,20,2,2,5,1,3,6,7,46
47,1,1,3,1,3,NA,3,0,0,0,1,0,0,1,1,0,0,1,5,5,NA,3,4,5,5,4,1,1,1,1,1,1,0,0,0,1,1,1,1,NA,NA,NA,NA,NA,NA,NA,"",1,NA,NA,NA,NA,NA,NA,NA,"",0,0,NA,NA,6,3,0,3,2,0,4,1,6,7,6,5,7,6,1,3,2,4,4,2,4,3,4,3,2,4,4,3,2,4,2,3,1,3,4,3,3,1,3,4,4,2,3,3,4,1,0,NA,NA,0,NA,NA,1,1,NA,0,NA,NA,0,NA,NA,0,NA,NA,0,NA,NA,1,2,NA,1,1,2,1,2,2,2,2,1,1,1,2,1,1,1,1,2,1,2,1,2,1,5,7,7,7,4,6,2,6,4,6,1,6,4,2,1,7,1,19,2,2,5,1,1,1,7,47
48,1,1,1,0,2,0,0,0,0,0,0,0,0,1,0,0,0,1,4,4,3,2,4,3,3,4,1,0,1,0,0,0,0,1,0,0,1,1,NA,NA,NA,NA,NA,NA,1,NA,"",1,NA,NA,NA,NA,NA,NA,NA,"",0,0,NA,NA,0,NA,NA,NA,NA,NA,NA,1,6,7,4,5,6,5,1,4,2,1,1,2,2,3,3,3,3,1,4,4,2,4,2,2,2,2,3,1,3,3,2,1,3,2,2,3,4,1,0,NA,NA,0,NA,NA,0,NA,NA,1,1,NA,1,2,NA,0,NA,NA,2,NA,2,1,1,NA,1,1,2,1,1,1,2,2,2,1,2,2,2,1,1,2,1,1,1,2,2,1,4,7,1,4,5,5,5,6,5,7,6,4,7,5,2,6,1,19,1,2,5,1,3,6,3,48
49,1,1,3,3,4,2,3,0,0,2,2,0,0,0,1,2,0,1,4,4,2,3,2,2,4,4,1,1,1,1,1,0,0,1,0,1,1,1,1,NA,NA,NA,NA,NA,NA,NA,"",1,1,NA,NA,NA,NA,NA,NA,"",0,0,NA,NA,4,2,0,4,2,1,4,1,5,5,6,4,7,4,1,3,2,2,2,2,2,3,4,4,4,3,3,3,2,3,2,3,2,3,4,2,2,3,1,2,3,2,2,4,2,1,0,NA,NA,0,NA,NA,1,2,NA,0,NA,NA,0,NA,NA,0,NA,NA,0,NA,NA,0,NA,NA,1,2,2,1,1,2,2,2,1,2,2,2,1,1,1,1,2,1,2,2,2,1,3,6,3,6,4,6,5,5,7,5,4,4,6,4,2,7,1,20,2,2,5,1,3,1,7,49
50,1,1,3,2,3,0,2,0,1,0,1,0,0,1,1,2,0,1,4,4,4,4,3,5,4,4,1,1,1,1,0,1,1,0,1,1,1,1,1,NA,NA,NA,NA,NA,NA,NA,"",1,NA,1,1,NA,NA,NA,NA,"",0,0,NA,NA,2,1,1,0,1,1,3,1,5,5,5,7,7,7,1,3,2,2,2,3,3,4,2,2,1,3,3,2,2,2,3,2,2,2,3,3,3,1,2,2,1,3,3,1,2,1,1,2,NA,0,NA,NA,1,2,NA,2,NA,2,0,NA,NA,0,NA,NA,1,2,NA,1,2,NA,1,1,2,1,1,2,2,2,1,1,1,2,1,2,1,1,2,1,1,1,2,1,3,6,4,4,4,5,7,6,3,6,2,6,3,6,1,7,1,20,1,1,0,1,3,6,2,50
51,1,1,3,1,2,0,1,0,1,0,2,0,0,1,1,0,0,1,4,2,4,3,3,4,4,4,1,0,1,0,0,1,1,0,0,1,0,1,NA,NA,NA,NA,NA,NA,1,NA,"",1,NA,NA,NA,NA,NA,NA,NA,"",0,0,NA,NA,1,1,0,1,0,NA,NA,1,2,2,4,3,6,2,1,4,2,2,2,3,3,3,3,3,3,1,3,3,2,1,1,2,2,2,3,2,2,3,1,1,2,2,2,2,3,1,0,NA,NA,0,NA,NA,1,2,NA,0,NA,NA,1,2,NA,2,NA,1,2,NA,2,1,2,NA,1,1,1,1,2,2,1,1,1,2,1,2,1,1,1,2,1,2,2,2,2,1,1,7,6,1,6,2,5,7,2,5,4,7,6,6,2,6,1,18,1,2,5,1,3,7,1,51
52,1,1,1,1,1,0,0,0,0,0,0,0,0,0,0,0,0,1,3,3,3,4,2,4,2,1,1,0,1,0,0,0,0,0,0,0,0,1,NA,NA,NA,NA,NA,NA,1,NA,"",NA,NA,NA,NA,NA,NA,1,NA,"",0,0,NA,NA,0,NA,NA,NA,NA,NA,NA,1,4,4,5,2,4,1,1,3,2,1,2,2,2,3,3,2,4,2,2,3,3,3,2,2,3,2,2,2,1,3,1,1,3,2,3,1,4,1,0,NA,NA,0,NA,NA,0,NA,NA,0,NA,NA,0,NA,NA,0,NA,NA,0,NA,NA,0,NA,NA,1,2,2,1,2,1,2,1,2,1,1,1,2,2,2,1,1,2,1,1,1,1,2,6,6,5,5,4,5,5,4,4,4,4,3,3,4,5,1,24,1,2,2,1,6,5,3,52
53,1,1,3,2,5,1,3,0,3,2,2,1,1,1,2,2,2,1,5,5,3,5,4,5,5,4,1,1,1,1,1,1,1,0,0,1,0,1,1,1,NA,1,1,NA,NA,NA,"",1,1,1,1,NA,1,NA,NA,"",0,0,NA,NA,6,5,0,0,3,0,0,1,7,6,7,5,5,6,1,2,3,3,4,2,2,1,2,2,3,2,2,2,3,2,2,3,2,4,3,2,3,3,2,2,2,4,2,2,2,1,0,NA,NA,0,NA,NA,0,NA,NA,2,NA,1,1,2,NA,0,NA,NA,0,NA,NA,0,NA,NA,1,2,1,1,1,2,2,2,1,1,2,2,1,2,2,2,1,1,1,1,2,1,3,7,NA,6,5,3,6,7,4,6,4,3,5,2,3,6,1,18,2,2,5,1,1,3,5,53
54,1,1,4,1,2,1,2,0,0,0,0,0,0,0,1,2,0,1,5,5,4,4,4,4,2,4,1,1,1,1,0,0,0,0,0,0,1,1,1,1,NA,1,NA,NA,NA,NA,"",1,NA,NA,NA,NA,NA,NA,NA,"",0,0,NA,NA,0,NA,NA,NA,NA,NA,NA,1,7,5,7,7,6,7,1,4,2,2,3,2,2,3,3,4,2,1,4,4,1,3,2,2,1,2,4,2,2,2,4,1,2,3,2,4,4,1,0,NA,NA,0,NA,NA,0,NA,NA,0,NA,NA,1,1,NA,0,NA,NA,0,NA,NA,0,NA,NA,1,2,2,1,1,2,1,2,1,1,1,2,1,2,1,2,1,1,1,1,2,1,2,7,6,2,6,6,2,7,1,3,2,4,6,2,3,7,1,21,2,2,5,1,3,2,7,54
55,1,1,3,0,2,0,2,0,1,0,2,1,0,2,1,2,0,1,4,2,5,4,2,2,5,2,1,0,1,1,1,0,0,0,0,1,1,1,NA,NA,NA,NA,NA,NA,NA,NA,"",1,NA,NA,NA,NA,NA,NA,NA,"",0,0,NA,NA,0,NA,NA,NA,NA,NA,NA,1,2,1,3,1,2,2,1,3,2,1,4,2,3,2,4,3,1,3,3,3,1,3,2,2,1,2,3,1,3,3,2,2,2,2,2,3,3,1,1,2,NA,2,NA,3,1,3,NA,0,NA,NA,1,3,NA,0,NA,NA,2,NA,2,1,3,NA,1,1,1,2,1,1,1,1,1,1,1,2,2,1,1,2,1,2,1,1,1,1,2,5,2,3,2,7,6,7,1,6,6,7,5,5,2,7,1,20,2,1,5,1,3,1,7,55
56,1,1,3,0,1,0,2,0,1,0,1,0,0,2,1,0,0,1,5,4,5,3,2,3,4,3,1,0,1,1,0,1,1,0,0,1,1,1,1,NA,NA,NA,NA,NA,NA,NA,"",1,NA,1,1,1,NA,NA,NA,"",0,0,NA,NA,2,1,1,0,0,NA,NA,1,7,5,6,4,3,3,1,3,2,2,3,2,3,4,3,3,2,2,3,3,2,2,2,4,3,3,2,2,3,3,2,2,4,3,2,2,3,1,0,NA,NA,0,NA,NA,0,NA,NA,0,NA,NA,0,NA,NA,0,NA,NA,2,NA,1,0,NA,NA,1,2,2,1,1,2,2,2,2,1,2,2,1,1,2,2,1,1,1,1,2,1,2,7,2,5,2,5,3,7,2,6,2,5,7,6,4,7,1,21,1,2,5,1,3,6,2,56
57,1,1,0,NA,NA,NA,NA,NA,NA,NA,NA,NA,NA,NA,NA,NA,NA,1,4,2,3,4,4,5,2,2,1,0,1,0,0,0,1,0,0,0,1,1,NA,NA,NA,NA,NA,NA,1,NA,"",NA,NA,NA,NA,NA,NA,1,NA,"",0,0,NA,NA,0,NA,NA,NA,NA,NA,NA,1,7,1,6,6,5,4,1,4,2,2,4,2,4,4,4,3,3,2,4,3,3,4,2,2,3,2,3,2,2,3,3,1,4,2,2,2,4,1,0,NA,NA,0,NA,NA,1,2,NA,0,NA,NA,1,2,NA,0,NA,NA,0,NA,NA,1,2,NA,1,1,2,1,1,2,1,2,1,1,1,1,2,2,1,2,1,2,2,2,2,1,2,6,6,3,2,5,6,6,6,7,1,5,6,6,2,7,1,19,1,2,5,1,1,5,4,57
58,1,1,1,0,2,0,1,0,0,0,0,0,0,1,1,0,0,1,2,1,3,3,2,3,2,2,1,1,1,0,0,1,0,0,0,1,1,1,NA,NA,NA,NA,NA,NA,1,NA,"",NA,NA,NA,NA,NA,NA,1,NA,"",0,0,NA,NA,1,1,1,1,0,NA,NA,1,5,4,7,5,5,4,1,4,2,2,2,2,NA,1,4,3,3,3,3,2,2,1,2,2,3,2,4,2,3,2,1,3,2,2,4,3,3,1,0,NA,NA,0,NA,NA,1,1,NA,0,NA,NA,0,NA,NA,0,NA,NA,0,NA,NA,1,1,NA,1,2,2,1,2,2,2,2,1,1,1,2,2,2,2,2,1,1,2,1,2,1,1,3,5,1,5,3,5,5,3,6,5,6,6,5,1,6,1,23,1,2,5,1,5,7,2,58
59,1,1,2,1,3,0,2,0,1,0,1,0,0,0,1,0,0,1,5,5,5,5,5,5,4,5,1,1,1,1,1,1,0,0,1,1,1,1,1,1,1,1,NA,NA,NA,NA,"",1,1,1,1,NA,NA,NA,NA,"",2,2,0,0,3,1,1,3,0,NA,NA,1,7,7,6,7,7,5,1,2,3,3,2,3,4,2,2,1,1,3,3,2,2,4,2,3,2,3,2,2,2,2,3,3,3,4,4,4,2,1,0,NA,NA,0,NA,NA,1,2,NA,0,NA,NA,0,NA,NA,0,NA,NA,2,NA,1,0,NA,NA,1,2,2,1,1,2,1,2,1,1,1,1,2,1,1,2,1,1,1,1,2,1,2,6,5,5,2,7,5,7,2,5,4,6,3,4,2,6,1,18,2,2,3,1,3,6,5,59
60,1,1,3,0,1,0,1,0,0,0,0,0,0,0,0,0,0,1,5,5,5,4,3,4,2,3,1,0,1,0,0,0,0,0,0,1,0,1,NA,NA,NA,NA,NA,NA,1,NA,"",1,NA,NA,NA,NA,NA,NA,NA,"",0,0,NA,NA,1,1,0,4,0,NA,NA,1,6,3,6,2,6,7,1,3,2,2,2,1,4,3,4,2,4,2,4,4,2,2,3,2,4,2,4,2,2,3,2,1,4,2,2,4,4,1,0,NA,NA,0,NA,NA,0,NA,NA,0,NA,NA,0,NA,NA,0,NA,NA,0,NA,NA,1,1,NA,1,1,2,1,2,2,1,1,1,1,1,1,2,1,2,2,2,1,1,2,1,1,2,7,3,3,5,4,5,7,1,5,4,4,7,3,2,6,1,26,1,2,5,1,6,7,1,60
61,1,1,3,1,2,1,2,0,0,0,0,0,0,0,0,0,0,1,2,2,4,2,2,3,4,5,1,1,1,1,1,1,0,0,0,1,0,1,1,NA,NA,NA,NA,NA,NA,NA,"",1,NA,NA,NA,NA,NA,NA,NA,"",3,0,NA,NA,6,1,0,0,2,2,2,1,6,7,6,5,4,7,1,3,2,2,2,2,2,3,3,2,2,1,3,2,1,4,2,2,2,2,3,2,1,2,2,2,1,2,2,3,3,1,1,1,NA,0,NA,NA,0,NA,NA,0,NA,NA,1,2,NA,0,NA,NA,0,NA,NA,1,2,NA,1,2,1,1,1,1,1,2,1,1,1,2,1,1,2,2,1,1,1,2,1,1,5,4,3,5,3,5,4,6,3,5,5,5,6,5,5,6,1,25,2,2,5,1,5,1,7,61
62,1,1,2,0,3,0,2,0,0,0,1,0,0,0,0,0,0,1,5,5,4,4,5,5,4,4,1,0,1,1,0,0,0,1,0,1,1,1,NA,NA,NA,NA,NA,NA,1,NA,"",1,NA,NA,NA,NA,NA,NA,NA,"",0,0,NA,NA,3,0,NA,NA,3,0,4,1,5,2,4,3,7,4,1,2,2,1,4,2,3,1,3,2,3,3,3,2,3,4,2,3,2,2,2,2,2,3,2,1,3,3,3,4,2,1,1,2,NA,0,NA,NA,0,NA,NA,0,NA,NA,0,NA,NA,1,2,NA,2,NA,3,0,NA,NA,1,2,2,1,1,2,1,2,2,1,1,2,2,2,1,2,1,1,1,1,2,1,3,7,6,6,5,7,7,7,3,5,2,5,6,5,2,7,1,18,1,2,5,1,3,7,2,62
63,1,1,4,1,1,0,1,0,0,0,1,0,0,1,0,0,0,1,4,3,4,2,3,5,4,2,1,0,1,0,0,1,0,0,0,0,0,1,NA,1,NA,NA,NA,1,NA,NA,"",1,NA,NA,NA,NA,NA,NA,NA,"",0,0,NA,NA,1,1,1,3,1,1,3,1,3,1,4,2,5,6,1,2,1,2,3,2,3,2,3,3,3,1,4,2,1,3,2,2,2,2,3,2,2,3,2,3,3,3,1,1,2,1,0,NA,NA,2,NA,2,1,2,NA,0,NA,NA,1,2,NA,0,NA,NA,0,NA,NA,1,2,NA,1,1,2,2,2,2,2,2,2,1,1,2,2,1,2,2,2,2,2,2,2,1,2,7,2,2,2,5,5,6,5,4,5,5,6,3,5,6,1,24,1,2,5,0,5,6,2,63
64,1,1,0,NA,NA,NA,NA,NA,NA,NA,NA,NA,NA,NA,NA,NA,NA,1,3,2,3,2,3,2,2,2,1,0,0,0,0,0,0,0,0,0,0,1,NA,NA,NA,NA,NA,NA,1,NA,"",NA,NA,NA,NA,NA,NA,1,NA,"",0,0,NA,NA,0,NA,NA,NA,NA,NA,NA,1,3,5,4,6,7,6,1,3,2,3,3,2,3,2,3,2,3,2,3,3,2,3,3,2,2,2,2,2,2,3,2,3,2,3,2,3,3,1,1,2,NA,1,2,NA,2,NA,2,1,1,NA,0,NA,NA,0,NA,NA,0,NA,NA,0,NA,NA,1,2,1,1,1,1,2,2,1,2,2,1,1,2,2,1,1,2,2,2,1,1,4,3,3,2,3,4,3,5,4,4,4,3,4,4,4,4,1,23,1,2,5,1,6,5,4,64
65,1,1,3,1,3,0,2,NA,2,0,1,0,0,1,1,0,0,1,5,5,5,3,5,5,4,4,1,1,1,1,1,1,0,1,0,0,1,1,1,NA,NA,NA,NA,NA,NA,NA,"",NA,NA,NA,NA,NA,NA,NA,NA,"",0,0,NA,NA,1,1,0,0,0,NA,NA,1,6,6,6,5,7,5,1,2,2,2,2,2,2,2,2,NA,3,2,3,3,1,3,2,2,1,3,4,2,2,2,NA,3,2,3,2,3,3,1,1,1,NA,0,NA,NA,0,NA,NA,1,2,NA,1,2,NA,0,NA,NA,0,NA,NA,0,NA,NA,1,2,2,1,2,2,1,2,1,1,2,2,1,1,2,2,1,1,1,2,2,1,4,7,5,4,4,5,3,6,2,4,4,4,5,5,2,6,1,20,2,2,5,1,3,1,7,65
66,1,1,2,1,2,0,1,0,1,0,1,0,0,2,1,1,0,1,4,4,5,3,3,4,2,3,1,1,1,0,0,0,0,1,0,0,0,1,NA,NA,NA,NA,NA,NA,1,NA,"",1,NA,NA,NA,NA,NA,NA,NA,"",0,0,NA,NA,1,1,0,4,0,NA,NA,1,6,4,7,5,7,5,1,3,2,3,2,1,3,3,3,3,1,2,3,2,2,4,1,2,2,2,3,2,2,2,2,2,3,3,2,3,2,1,0,NA,NA,0,NA,NA,0,NA,NA,1,1,NA,0,NA,NA,0,NA,NA,2,NA,1,1,1,NA,1,2,2,1,2,2,2,2,1,1,2,2,1,1,2,2,1,1,2,2,1,1,2,7,2,5,3,6,4,5,3,5,4,5,6,3,2,6,1,24,1,2,5,1,6,6,4,66
67,1,1,0,NA,NA,NA,NA,NA,NA,NA,NA,NA,NA,NA,NA,NA,NA,1,4,2,2,3,4,4,2,3,1,0,0,0,1,0,0,0,1,1,1,1,NA,NA,NA,NA,NA,NA,1,NA,"",NA,NA,NA,NA,NA,NA,1,NA,"",0,0,NA,NA,0,NA,NA,NA,NA,NA,NA,1,7,2,5,6,3,3,1,3,1,2,3,2,3,2,3,3,3,2,4,4,2,3,2,2,2,2,3,2,2,2,1,1,2,2,2,4,3,1,0,NA,NA,2,NA,1,0,NA,NA,0,NA,NA,1,2,NA,0,NA,NA,0,NA,NA,0,NA,NA,1,2,1,2,1,2,1,2,1,1,1,2,1,1,2,2,1,1,2,2,1,1,2,5,6,3,3,5,6,6,5,2,5,2,6,2,4,4,1,19,2,2,5,1,3,1,7,67
68,1,1,1,1,3,0,1,1,1,1,1,0,0,1,1,0,0,1,3,3,4,3,4,4,3,3,1,0,1,1,1,0,1,0,0,0,1,1,NA,NA,NA,NA,NA,NA,1,NA,"",1,NA,NA,NA,NA,NA,NA,NA,"",0,0,NA,NA,0,NA,NA,NA,NA,NA,NA,1,3,4,4,3,4,4,1,3,2,2,3,2,2,3,3,3,3,3,3,3,2,3,2,2,2,2,3,2,2,1,2,2,2,2,2,3,3,1,0,NA,NA,0,NA,NA,0,NA,NA,0,NA,NA,0,NA,NA,0,NA,NA,0,NA,NA,0,NA,NA,1,1,2,1,1,2,2,2,2,1,2,2,2,2,1,2,1,1,2,2,2,1,3,2,5,4,5,5,4,5,5,6,3,3,6,3,3,6,1,18,2,2,5,1,3,1,7,68
69,1,1,2,0,2,1,2,0,0,0,0,0,0,1,0,0,1,1,4,4,4,3,4,5,3,4,1,1,1,0,0,0,0,1,0,0,1,1,NA,NA,NA,NA,NA,NA,1,NA,"",NA,NA,NA,NA,NA,NA,1,NA,"",0,0,NA,NA,1,1,0,4,0,NA,NA,1,6,6,6,5,6,4,1,3,3,3,2,2,4,2,3,2,2,4,3,2,3,3,3,2,2,3,3,1,2,2,2,1,2,2,3,3,3,1,0,NA,NA,2,NA,2,2,NA,3,2,NA,1,1,1,NA,0,NA,NA,2,NA,2,0,NA,NA,1,2,2,1,2,1,2,2,1,1,2,1,2,2,2,2,1,1,1,2,2,1,4,6,4,5,5,6,5,6,5,6,5,5,5,3,5,6,1,21,2,1,5,0,1,5,6,69
70,1,1,2,0,3,0,2,0,2,0,0,0,0,0,1,0,0,1,4,4,4,3,4,5,4,4,1,1,1,1,0,0,1,0,0,1,0,1,1,NA,NA,1,NA,NA,NA,NA,"",1,NA,1,1,NA,NA,NA,NA,"",0,0,NA,NA,3,1,0,2,2,0,4,1,5,5,6,6,4,4,1,3,2,NA,3,2,2,2,4,2,2,2,3,2,1,3,1,2,2,2,3,2,2,2,2,2,2,3,2,2,3,1,0,NA,NA,0,NA,NA,0,NA,NA,0,NA,NA,1,1,NA,0,NA,NA,0,NA,NA,NA,NA,NA,1,1,2,1,1,2,1,1,2,1,2,2,1,2,2,2,1,1,1,2,2,1,5,6,6,5,6,4,6,6,4,4,2,4,6,4,4,6,1,18,2,2,5,1,3,2,6,70
71,1,1,3,0,1,0,1,0,0,0,1,1,0,0,1,0,0,1,4,3,5,3,2,1,4,4,1,1,1,1,0,1,1,1,0,1,1,1,1,NA,NA,NA,NA,NA,NA,NA,"",1,NA,1,NA,NA,1,NA,NA,"",0,0,NA,NA,6,3,0,2,5,1,2,1,7,4,6,3,6,7,1,3,2,2,1,3,3,3,3,2,3,3,2,3,2,2,2,2,3,2,2,3,3,2,2,1,3,1,3,2,3,1,2,NA,1,2,NA,3,1,3,NA,2,NA,2,1,3,NA,2,NA,2,0,NA,NA,1,2,NA,1,1,2,1,2,2,1,2,1,2,2,2,2,1,1,2,1,1,2,1,2,1,2,5,2,2,6,4,4,7,3,7,4,6,7,4,2,6,1,20,1,2,5,1,3,7,4,71
72,1,1,2,2,3,1,2,0,2,0,1,0,0,1,1,0,0,1,5,5,4,4,4,4,4,5,1,1,1,1,0,1,1,0,0,1,1,1,1,NA,NA,NA,NA,NA,NA,NA,"",1,NA,1,NA,NA,NA,NA,NA,"",0,0,NA,NA,5,5,0,0,0,NA,NA,1,5,7,7,7,7,7,1,3,2,3,2,1,3,2,2,3,3,1,4,2,3,4,3,2,2,3,2,2,2,2,2,3,1,4,1,4,3,1,0,NA,NA,0,NA,NA,1,2,NA,2,NA,1,1,2,NA,0,NA,NA,0,NA,NA,1,1,NA,1,2,1,1,1,2,1,2,1,1,2,2,1,1,2,2,1,1,1,2,1,1,3,7,5,7,3,7,4,7,1,6,1,6,6,7,1,7,1,22,2,2,5,1,5,2,7,72
73,1,1,3,0,3,0,3,0,1,0,0,0,0,1,1,0,0,1,5,4,5,4,3,5,3,3,1,1,1,1,0,1,0,0,0,0,1,1,1,NA,NA,NA,NA,NA,NA,NA,"",1,NA,NA,NA,NA,NA,NA,NA,"",0,0,NA,NA,2,0,NA,NA,2,3,3,1,6,7,7,6,2,4,1,4,2,2,4,2,4,3,3,3,2,2,3,2,2,4,3,3,2,3,4,2,2,2,3,1,4,2,2,4,3,1,0,NA,NA,0,NA,NA,1,2,NA,1,3,NA,0,NA,NA,1,3,NA,2,NA,3,1,2,NA,1,1,1,2,2,2,1,2,2,1,2,1,1,1,2,2,1,1,2,2,2,1,2,7,5,5,2,6,7,6,6,2,4,3,7,5,5,7,1,20,2,2,5,1,3,1,7,73
74,1,1,2,1,1,0,2,0,1,0,1,0,1,1,0,0,0,1,4,4,4,5,5,5,2,3,1,0,1,1,0,1,1,0,0,1,1,1,1,NA,NA,NA,NA,NA,NA,NA,"",1,NA,NA,NA,NA,NA,NA,NA,"",0,0,NA,NA,2,1,1,1,1,2,2,1,6,7,4,6,6,6,1,2,3,2,4,2,2,2,3,3,2,2,3,3,2,4,1,3,2,3,3,2,3,1,4,2,3,1,1,2,3,1,0,NA,NA,1,1,NA,1,2,NA,0,NA,NA,1,3,NA,2,NA,2,2,NA,3,1,2,NA,1,1,2,2,1,2,1,2,1,1,1,2,1,2,2,2,1,1,1,1,2,1,2,7,4,6,3,7,3,6,2,7,4,7,6,5,2,7,1,20,1,2,6,1,3,5,5,74
75,1,1,4,1,3,2,4,0,0,1,2,0,0,1,1,2,1,1,4,3,5,3,4,5,5,5,1,1,1,1,1,1,1,1,1,1,1,1,1,1,1,NA,1,1,NA,NA,"",1,1,1,NA,1,1,NA,NA,"",0,0,NA,NA,6,3,1,1,2,1,2,1,7,7,6,6,4,5,1,2,3,3,2,3,4,2,2,1,1,3,2,2,3,2,2,3,3,4,2,2,4,2,2,3,3,2,4,2,2,1,0,NA,NA,0,NA,NA,0,NA,NA,0,NA,NA,0,NA,NA,0,NA,NA,0,NA,NA,0,NA,NA,1,1,2,1,2,1,2,2,1,1,1,2,2,1,2,2,2,1,2,2,1,1,4,6,5,4,NA,5,4,6,4,5,5,6,7,2,4,5,1,23,1,2,5,1,1,6,4,75
76,1,1,0,NA,NA,NA,NA,NA,NA,NA,NA,NA,NA,NA,NA,NA,NA,1,3,2,3,3,1,4,2,3,1,0,1,0,0,0,0,0,0,1,1,1,NA,NA,NA,NA,NA,NA,1,NA,"",NA,NA,NA,NA,NA,NA,1,NA,"",0,0,NA,NA,0,NA,NA,NA,NA,NA,NA,1,7,4,5,4,4,4,1,3,2,2,2,2,1,3,4,3,3,2,3,3,1,3,1,1,1,2,3,1,1,2,2,2,2,2,2,2,4,1,0,NA,NA,0,NA,NA,0,NA,NA,0,NA,NA,0,NA,NA,0,NA,NA,0,NA,NA,0,NA,NA,1,1,1,2,2,2,1,1,2,1,1,2,2,1,2,2,1,2,2,2,2,1,3,7,4,4,5,4,5,6,5,6,5,4,6,4,4,7,1,24,2,2,2,1,3,4,5,76
77,1,1,1,2,3,0,1,0,0,0,0,0,0,1,0,0,0,1,5,3,4,4,3,5,5,4,1,1,1,1,1,1,1,1,0,1,0,1,1,NA,NA,NA,NA,NA,NA,NA,"",1,NA,NA,NA,NA,NA,NA,NA,"",0,0,NA,NA,1,1,1,0,0,NA,NA,1,NA,5,4,1,5,5,1,3,4,4,2,3,4,3,3,2,2,2,2,3,2,2,1,2,3,2,3,1,3,2,3,1,3,3,2,2,3,1,0,NA,NA,0,NA,NA,1,1,NA,0,NA,NA,0,NA,NA,0,NA,NA,0,NA,NA,1,1,NA,1,1,2,1,1,1,2,1,2,1,2,1,1,2,2,2,2,1,2,2,1,1,1,6,5,1,7,5,5,6,7,6,5,6,7,5,4,7,1,19,1,2,5,1,3,7,3,77
78,1,1,2,2,2,1,1,0,0,0,0,0,0,0,0,0,0,1,5,4,4,3,4,2,4,4,1,0,1,1,1,1,1,0,0,1,1,1,1,1,1,1,1,NA,NA,NA,"",1,1,1,1,NA,NA,NA,NA,"",0,0,NA,NA,4,2,0,3,2,0,3,1,6,4,6,3,6,5,1,2,3,2,NA,2,3,3,2,NA,2,3,2,2,2,2,2,3,2,3,2,2,2,3,2,1,2,3,3,2,2,1,0,NA,NA,0,NA,NA,1,2,NA,0,NA,NA,1,2,NA,0,NA,NA,2,NA,2,1,1,NA,1,2,2,1,1,1,2,2,2,2,2,1,2,2,1,2,2,1,1,2,2,1,2,6,2,5,2,5,5,6,3,5,2,6,6,5,3,6,1,18,1,2,5,NA,3,6,5,78
79,1,1,2,0,3,0,2,0,2,0,3,0,0,0,1,0,0,1,5,5,5,3,3,5,4,5,1,1,1,1,0,0,0,0,0,0,1,1,NA,NA,NA,NA,NA,NA,1,NA,"",1,NA,1,NA,NA,NA,NA,NA,"",0,0,NA,NA,1,1,0,4,0,NA,NA,1,7,7,7,7,5,2,1,3,2,4,4,2,2,2,4,4,3,2,4,3,3,4,3,4,2,4,4,3,3,4,3,4,4,4,2,3,3,1,1,1,NA,0,NA,NA,1,2,NA,0,NA,NA,1,2,NA,0,NA,NA,0,NA,NA,1,3,NA,1,2,2,1,1,1,2,2,1,2,1,2,1,1,1,2,1,1,1,1,1,1,1,6,7,7,6,7,4,7,1,1,4,6,2,6,1,7,1,19,2,2,5,1,3,2,7,79
80,1,1,3,1,3,0,NA,0,1,0,1,0,0,1,1,2,0,1,4,2,5,4,4,4,3,2,1,0,1,1,0,1,0,0,0,0,1,1,NA,NA,NA,NA,NA,NA,1,NA,"",1,NA,1,NA,NA,NA,NA,NA,"",0,0,NA,NA,6,5,1,3,1,3,4,1,6,5,6,4,6,3,1,3,2,2,2,2,2,2,3,3,3,1,3,3,2,4,2,2,2,2,3,2,1,2,2,1,3,2,2,4,2,1,0,NA,NA,0,NA,NA,1,2,NA,0,NA,NA,0,NA,NA,1,3,NA,2,NA,3,0,NA,NA,1,2,2,1,2,2,1,2,1,1,2,2,2,1,1,2,2,1,2,2,2,1,4,5,5,3,2,7,6,6,2,4,3,5,7,3,2,3,1,21,2,2,5,1,5,1,7,80
81,1,1,3,0,5,1,3,0,2,0,1,2,1,2,3,0,2,1,5,5,5,5,4,5,4,5,1,1,1,1,1,1,1,0,1,1,1,1,1,NA,NA,1,NA,NA,NA,NA,"",1,1,1,1,1,1,NA,NA,"",0,0,NA,NA,1,1,0,1,1,0,1,1,6,6,4,6,6,5,1,4,2,2,3,3,2,2,3,3,1,2,4,3,3,4,2,3,2,3,4,1,2,2,2,1,4,3,3,4,3,1,0,NA,NA,2,NA,1,1,3,NA,2,NA,1,1,3,NA,2,NA,2,1,1,NA,1,1,NA,1,1,2,1,2,2,2,1,2,2,2,2,1,1,1,1,2,1,2,1,2,1,4,7,2,5,6,5,5,7,2,6,4,5,6,3,6,6,1,20,2,2,5,1,3,1,7,81
82,1,1,2,1,1,0,0,0,0,0,0,0,0,0,0,0,0,1,5,1,1,3,3,5,1,2,1,0,1,0,1,0,0,0,0,1,1,1,NA,NA,NA,NA,NA,NA,1,NA,"",NA,NA,NA,NA,NA,NA,1,NA,"",0,0,NA,NA,0,NA,NA,NA,NA,NA,NA,1,7,6,6,5,7,7,1,3,2,3,2,2,4,4,4,3,4,2,3,3,2,4,1,2,3,2,3,2,2,3,3,1,3,2,4,4,4,1,0,NA,NA,0,NA,NA,1,1,NA,0,NA,NA,1,2,NA,0,NA,NA,0,NA,NA,1,2,NA,1,2,2,1,1,2,1,2,1,1,2,1,2,1,2,2,1,1,2,2,1,1,2,6,6,3,5,7,7,7,1,6,6,7,7,6,2,7,1,21,2,2,2,1,5,5,6,82
83,1,1,2,0,2,0,1,0,0,0,0,0,0,0,1,0,0,1,3,3,4,3,3,1,3,2,1,0,1,1,0,0,0,0,0,1,1,1,NA,NA,NA,NA,NA,NA,1,NA,"",1,NA,NA,NA,NA,NA,NA,NA,"",0,0,NA,NA,2,0,NA,NA,0,NA,NA,1,6,6,4,5,4,3,1,3,2,2,3,2,1,3,3,3,3,2,3,3,3,2,2,2,2,2,3,2,2,2,2,1,2,2,3,2,2,1,0,NA,NA,0,NA,NA,0,NA,NA,0,NA,NA,0,NA,NA,0,NA,NA,0,NA,NA,0,NA,NA,1,1,2,2,2,1,2,1,2,1,2,1,2,1,2,1,2,1,2,1,2,1,2,5,6,5,4,6,6,6,5,5,3,4,4,4,2,7,1,25,1,2,5,1,5,7,1,83
84,1,1,2,2,2,0,1,0,0,1,0,0,1,0,0,0,0,1,5,5,4,2,4,4,3,5,1,0,1,1,0,1,0,0,0,1,0,1,1,1,NA,NA,NA,NA,NA,NA,"",1,1,NA,1,1,NA,NA,NA,"",0,0,NA,NA,1,1,0,0,0,NA,NA,1,7,7,6,4,7,6,1,3,2,2,2,2,2,3,3,2,4,4,3,3,2,4,2,2,1,1,3,4,2,2,2,1,2,1,2,4,4,1,0,NA,NA,0,NA,NA,0,NA,NA,0,NA,NA,1,2,NA,0,NA,NA,2,NA,2,1,2,NA,1,1,2,1,2,2,1,2,1,1,1,2,2,1,2,2,1,1,2,2,2,1,1,7,6,2,3,7,7,6,4,6,4,6,6,6,1,7,1,23,2,1,5,1,3,7,5,84
85,1,1,1,0,4,0,1,0,0,0,0,0,0,0,1,0,0,1,4,4,4,4,3,2,4,4,1,0,1,0,0,0,1,0,0,0,1,1,NA,NA,NA,NA,NA,NA,1,NA,"",NA,NA,NA,NA,NA,NA,1,NA,"",0,0,NA,NA,0,NA,NA,NA,NA,NA,NA,1,6,6,5,6,7,4,1,3,2,3,3,2,3,2,2,4,2,2,3,2,3,3,1,2,1,2,3,2,2,3,1,1,2,3,2,3,NA,1,0,NA,NA,2,NA,2,0,NA,NA,1,2,NA,1,2,NA,0,NA,NA,0,NA,NA,1,1,NA,1,1,2,1,1,2,2,2,1,1,2,2,1,1,2,2,1,1,1,2,1,1,2,6,5,3,2,6,2,6,2,2,3,5,6,2,2,6,1,26,2,2,5,1,6,1,7,85
86,1,1,1,1,1,1,1,0,0,0,0,0,0,0,0,0,0,1,4,4,4,4,4,5,3,4,1,0,1,0,0,0,0,0,0,0,1,1,NA,NA,NA,NA,NA,NA,1,NA,"",NA,NA,NA,NA,NA,NA,1,NA,"",0,0,NA,NA,1,1,1,4,0,NA,NA,1,6,6,5,5,6,3,1,3,3,3,3,3,3,3,2,2,3,3,3,2,3,3,2,3,3,3,3,2,3,3,2,2,2,2,2,3,2,1,0,NA,NA,0,NA,NA,0,NA,NA,0,NA,NA,0,NA,NA,0,NA,NA,0,NA,NA,0,NA,NA,1,2,1,2,1,2,1,2,1,1,1,2,1,1,2,2,1,1,2,2,2,1,2,6,2,5,2,5,4,6,6,5,4,5,5,5,5,6,1,19,2,2,6,1,3,1,7,86
87,1,1,3,4,5,1,3,1,2,1,2,0,1,1,2,2,0,1,4,4,3,4,4,4,4,4,1,1,1,1,1,1,1,0,1,1,0,1,1,1,NA,NA,1,NA,NA,NA,"",1,1,1,1,1,NA,NA,NA,"",0,0,NA,NA,3,0,NA,NA,2,0,2,1,6,7,6,6,6,6,1,2,3,3,3,2,3,2,3,2,2,3,2,3,3,4,2,2,3,3,2,2,3,2,2,2,3,3,3,3,2,1,2,NA,3,0,NA,NA,1,2,NA,2,NA,2,1,3,NA,2,NA,2,1,3,NA,1,3,NA,1,1,1,1,1,1,2,2,1,2,1,2,1,2,1,2,1,1,1,2,1,1,3,6,5,5,3,6,NA,6,NA,NA,5,5,6,2,2,6,1,19,2,1,6,1,1,2,7,87
88,1,1,3,0,1,0,1,0,1,0,1,0,0,1,1,0,0,1,4,2,4,3,3,5,3,4,1,0,1,1,0,1,0,0,0,0,1,1,NA,NA,NA,NA,NA,NA,1,NA,"",1,NA,1,1,NA,NA,NA,NA,"",0,0,NA,NA,3,2,1,3,0,NA,NA,1,3,2,5,1,7,2,1,3,2,3,1,1,4,3,3,4,4,1,4,3,2,3,2,2,2,2,3,3,3,4,1,1,3,2,2,3,4,1,1,2,NA,2,NA,2,1,2,NA,0,NA,NA,1,3,NA,1,3,NA,2,NA,3,1,1,NA,1,1,1,2,1,2,2,2,2,2,1,1,2,1,1,2,1,2,1,2,2,1,3,5,5,1,3,4,4,7,1,2,6,7,7,2,6,7,1,23,2,2,6,0,5,7,1,88
89,1,1,3,1,3,1,1,0,0,0,0,1,1,0,1,0,0,1,5,5,5,5,5,5,5,5,1,0,1,1,1,1,0,1,0,0,1,1,1,NA,NA,NA,NA,NA,NA,NA,"",1,NA,1,NA,NA,NA,NA,NA,"",0,0,NA,NA,1,1,0,0,0,NA,NA,1,7,7,5,7,6,5,1,4,2,2,4,1,2,3,3,4,3,2,3,3,2,4,2,3,2,3,3,3,3,3,3,1,2,3,2,3,3,1,0,NA,NA,0,NA,NA,1,1,NA,0,NA,NA,0,NA,NA,0,NA,NA,0,NA,NA,0,NA,NA,1,1,2,1,1,2,2,2,2,2,2,2,2,1,2,2,2,1,2,2,2,1,1,5,6,5,1,7,2,7,1,4,1,4,5,7,2,7,1,26,2,2,5,3,7,1,7,89
90,1,1,2,0,1,0,1,0,0,0,0,0,0,1,0,0,0,1,4,4,4,3,2,4,3,2,1,0,1,0,0,1,0,0,0,1,0,1,NA,NA,NA,NA,NA,NA,1,NA,"",1,NA,NA,NA,NA,NA,NA,NA,"",0,0,NA,NA,1,1,0,1,0,NA,NA,1,6,5,6,2,1,5,1,3,2,2,2,2,2,3,3,3,3,2,3,3,2,2,1,2,2,2,3,1,1,1,2,1,3,3,2,3,3,1,0,NA,NA,0,NA,NA,1,2,NA,0,NA,NA,1,2,NA,0,NA,NA,2,NA,2,1,2,NA,1,1,1,1,2,2,2,2,2,1,2,2,1,1,1,2,1,2,1,2,1,1,1,7,2,6,3,4,7,6,3,6,5,4,6,5,2,6,1,21,1,2,5,1,3,7,2,90
91,1,1,3,0,4,0,3,0,0,0,0,0,0,0,0,0,0,1,5,3,4,4,5,5,4,3,1,0,1,0,0,1,0,1,0,1,1,1,NA,NA,NA,NA,NA,NA,1,NA,"",NA,NA,NA,NA,NA,NA,1,NA,"",0,0,NA,NA,5,2,0,4,0,NA,NA,1,6,6,6,6,6,6,1,4,2,2,4,2,1,4,4,4,4,3,4,3,2,3,3,2,2,3,3,2,2,1,2,1,2,3,2,4,3,1,0,NA,NA,2,NA,1,1,2,NA,0,NA,NA,1,3,NA,1,1,NA,2,NA,3,0,NA,NA,1,2,1,1,1,2,1,2,1,1,1,2,1,1,2,2,2,1,2,2,1,1,4,6,7,NA,2,5,4,6,2,4,4,2,4,5,2,6,1,18,2,2,5,1,1,2,7,91
92,1,1,3,2,5,1,3,0,0,0,2,1,1,1,0,0,0,1,4,2,5,5,4,4,5,5,1,1,1,1,0,1,1,0,1,0,0,1,1,NA,NA,NA,NA,NA,NA,NA,"",1,NA,1,NA,1,1,NA,NA,"",0,0,NA,NA,4,3,0,3,2,0,3,1,6,7,5,3,7,4,1,2,3,1,3,3,4,2,3,3,3,2,NA,NA,3,2,3,3,3,3,2,4,3,2,2,4,3,3,2,2,1,1,0,NA,NA,0,NA,NA,1,1,NA,2,NA,1,0,NA,NA,0,NA,NA,1,2,NA,1,2,NA,1,2,2,1,1,2,1,1,1,2,1,1,2,1,1,2,1,1,1,1,1,1,3,7,2,3,6,5,2,6,5,5,1,2,1,6,3,7,1,19,2,1,5,1,3,3,6,92
93,1,1,2,1,1,0,0,0,0,0,0,0,0,0,0,0,0,1,5,4,2,3,3,1,1,2,1,0,1,0,0,0,0,0,0,1,1,1,NA,NA,NA,NA,NA,NA,1,NA,"",NA,NA,NA,NA,NA,NA,1,NA,"",0,0,NA,NA,0,NA,NA,NA,NA,NA,NA,1,7,6,6,6,7,5,1,3,2,3,4,1,2,3,3,3,3,2,3,3,2,4,2,2,1,3,3,2,2,1,3,1,3,3,2,4,3,1,0,NA,NA,0,NA,NA,0,NA,NA,0,NA,NA,1,2,NA,0,NA,NA,0,NA,NA,0,NA,NA,1,2,2,1,1,2,1,2,2,1,1,2,1,2,2,2,1,1,2,1,2,1,2,6,6,3,2,6,4,6,2,2,6,4,5,6,1,7,1,27,1,2,5,3,6,6,3,93
94,1,1,1,0,2,NA,0,0,0,0,0,0,0,0,0,0,0,1,4,4,3,3,1,1,4,3,1,0,1,0,0,1,0,0,0,0,0,1,1,NA,NA,NA,1,1,NA,NA,"",1,NA,NA,1,NA,NA,NA,NA,"",0,0,NA,NA,4,2,1,3,2,3,3,1,6,6,6,6,5,5,1,3,2,2,3,2,3,2,3,3,2,1,3,3,1,2,2,2,2,2,3,2,1,2,2,1,3,3,1,2,2,1,0,NA,NA,0,NA,NA,0,NA,NA,0,NA,NA,0,NA,NA,0,NA,NA,0,NA,NA,0,NA,NA,1,2,2,1,1,2,1,2,1,1,1,2,1,2,1,2,1,1,1,2,1,1,3,6,1,2,4,4,4,5,4,3,4,5,4,4,4,3,1,31,2,2,5,0,3,1,7,94
95,1,1,2,2,3,0,3,0,0,0,1,1,0,0,1,1,0,1,5,4,3,4,4,5,4,4,1,1,1,1,1,1,0,0,1,0,1,1,1,NA,NA,NA,NA,NA,NA,NA,"",1,1,1,1,NA,NA,NA,NA,"",0,0,NA,NA,4,3,1,2,4,3,3,1,7,6,6,5,6,7,1,3,1,2,2,1,3,3,4,3,2,1,4,3,1,4,2,2,1,3,4,2,1,1,3,3,3,2,1,4,3,1,0,NA,NA,2,NA,1,1,2,NA,2,NA,1,1,1,NA,1,2,NA,1,1,NA,1,2,NA,1,2,2,1,1,2,1,2,1,2,2,1,2,2,1,2,1,1,1,2,2,1,1,7,7,3,1,7,2,7,1,7,5,2,4,7,1,7,1,19,2,2,5,1,3,3,7,95
96,1,1,4,1,2,1,1,0,0,0,0,0,1,1,0,0,0,1,4,4,5,2,4,4,3,2,1,0,1,0,1,1,0,0,0,0,0,1,1,NA,NA,NA,NA,NA,NA,NA,"",1,NA,NA,NA,NA,NA,NA,NA,"",0,0,NA,NA,1,1,1,0,0,NA,NA,1,7,7,7,7,7,5,1,4,2,3,2,2,2,4,4,4,4,2,4,4,2,4,2,2,2,1,4,1,2,3,1,1,3,2,2,4,4,1,0,NA,NA,0,NA,NA,0,NA,NA,0,NA,NA,1,2,NA,0,NA,NA,2,NA,2,1,2,NA,1,2,1,1,1,2,1,2,1,1,1,2,1,2,2,2,1,1,1,2,1,1,1,7,3,2,1,7,4,7,2,5,5,7,7,5,1,7,1,24,2,2,5,3,5,2,7,96
97,1,1,1,0,1,1,1,0,0,0,1,0,0,0,0,0,0,1,4,3,3,2,2,3,2,1,1,0,1,0,0,0,1,0,1,1,1,1,NA,NA,NA,NA,NA,NA,1,NA,"",NA,NA,NA,NA,NA,NA,1,NA,"",0,0,NA,NA,0,NA,NA,NA,NA,NA,NA,1,5,6,5,3,5,2,1,3,2,2,3,2,3,4,4,2,3,2,NA,4,2,3,1,2,2,2,2,2,3,3,2,2,2,2,3,3,4,1,2,NA,1,0,NA,NA,1,1,NA,2,NA,1,1,2,NA,0,NA,NA,0,NA,NA,1,2,NA,1,1,2,1,2,1,1,1,2,1,1,1,2,1,2,1,2,1,2,1,1,1,3,6,2,1,4,4,3,5,4,5,6,5,5,5,4,6,1,20,1,2,2,1,5,6,2,97
98,1,1,3,1,4,1,3,0,1,1,2,1,0,1,2,2,0,1,4,4,5,4,NA,NA,5,4,1,1,1,1,1,1,1,1,1,1,1,1,1,1,1,1,NA,NA,NA,NA,"",NA,NA,NA,NA,NA,NA,NA,NA,"",0,0,NA,NA,2,2,0,3,0,NA,NA,1,5,6,6,NA,5,6,1,2,2,3,3,1,3,2,3,2,2,3,4,2,2,3,4,3,2,3,4,2,2,2,2,2,3,3,3,NA,3,1,0,NA,NA,2,NA,2,1,2,NA,2,NA,1,1,3,NA,2,NA,1,2,NA,1,1,2,NA,1,2,1,1,1,1,2,2,2,2,2,2,1,NA,NA,2,2,1,2,2,2,1,2,7,6,4,4,6,4,2,2,5,2,3,6,5,3,7,1,20,2,2,5,1,3,1,7,98
99,1,1,1,0,1,0,1,0,0,0,0,0,0,1,0,1,0,1,5,2,4,2,4,5,2,2,1,0,1,0,1,0,0,1,0,1,1,1,NA,NA,NA,NA,NA,NA,1,NA,"",NA,NA,NA,NA,NA,NA,1,NA,"",0,0,NA,NA,1,1,1,4,0,NA,NA,1,7,5,6,3,5,6,1,3,2,2,3,1,3,4,3,4,4,2,4,4,2,4,2,2,1,2,NA,4,1,1,4,1,4,3,2,3,3,1,0,NA,NA,0,NA,NA,2,NA,1,1,2,NA,1,1,NA,0,NA,NA,0,NA,NA,1,2,NA,1,1,1,2,2,2,2,1,2,1,1,1,2,1,2,1,1,2,2,1,1,1,3,7,7,2,3,6,7,7,3,7,6,7,7,6,1,7,1,19,2,2,5,1,3,1,7,99
100,1,1,3,0,1,0,1,0,0,0,0,0,0,0,0,1,0,1,4,5,4,3,2,4,1,2,1,0,1,0,0,1,0,0,0,1,0,1,NA,NA,NA,NA,NA,NA,1,NA,"",NA,NA,NA,NA,NA,NA,1,NA,"",0,0,NA,NA,1,1,0,1,0,NA,NA,1,5,5,7,6,7,4,1,4,2,2,3,1,3,3,4,3,4,2,3,3,2,2,2,2,2,2,3,2,2,2,1,1,2,2,2,3,4,1,0,NA,NA,0,NA,NA,0,NA,NA,0,NA,NA,0,NA,NA,0,NA,NA,0,NA,NA,0,NA,NA,1,1,1,1,2,2,2,2,2,1,1,2,1,1,2,2,2,2,2,2,2,1,4,6,2,3,2,6,5,6,3,3,5,5,1,5,4,6,1,26,1,2,5,2,6,4,4,100
101,1,1,2,2,3,0,1,0,1,0,0,0,0,2,2,0,0,1,4,5,5,4,4,4,5,5,1,1,1,1,1,1,0,0,0,1,1,1,1,1,NA,NA,NA,NA,NA,NA,"",1,1,1,1,NA,NA,NA,NA,"",0,0,NA,NA,1,1,0,1,0,NA,NA,1,3,5,6,5,7,7,1,2,2,2,4,2,4,2,3,3,2,3,3,3,2,3,2,3,2,2,3,2,3,2,2,2,3,3,3,3,3,1,1,2,NA,0,NA,NA,0,NA,NA,0,NA,NA,0,NA,NA,0,NA,NA,2,NA,3,0,NA,NA,1,1,1,1,1,2,1,1,1,2,2,1,1,1,2,2,2,2,1,1,1,1,3,6,3,5,4,4,5,7,6,6,7,7,5,3,5,4,1,18,1,2,1,1,1,6,3,101
102,1,1,3,1,1,0,0,0,0,0,0,0,0,0,0,0,0,1,5,4,2,4,2,3,2,4,1,0,1,0,1,1,0,0,0,NA,0,1,NA,NA,NA,NA,NA,NA,1,NA,"",1,NA,NA,NA,NA,NA,NA,NA,"",0,0,NA,NA,1,1,0,0,0,NA,NA,1,6,5,5,6,7,7,1,2,3,3,2,3,3,3,2,1,3,2,2,3,1,3,3,3,3,3,3,3,3,3,2,2,4,1,4,3,4,1,0,NA,NA,0,NA,NA,0,NA,NA,0,NA,NA,1,3,NA,0,NA,NA,0,NA,NA,0,NA,NA,1,1,2,1,1,1,2,2,1,1,2,2,2,1,1,2,1,1,1,2,1,1,1,7,2,3,1,6,1,7,1,7,4,6,6,6,3,7,1,24,2,1,0,3,6,4,6,102
103,1,1,2,1,2,0,2,NA,0,0,0,0,0,0,0,0,0,1,5,5,4,4,4,5,3,4,1,1,1,1,1,0,0,1,0,0,1,1,1,NA,NA,NA,NA,NA,NA,NA,"",1,NA,NA,1,NA,NA,NA,NA,"",0,0,NA,NA,2,1,1,4,0,NA,NA,1,6,6,6,5,7,7,1,3,2,2,4,2,4,2,4,2,4,4,3,2,2,4,2,3,1,3,3,1,1,1,1,1,2,2,2,3,3,1,1,2,NA,0,NA,NA,0,NA,NA,0,NA,NA,1,2,NA,1,2,NA,0,NA,NA,0,NA,NA,1,2,1,1,1,2,1,2,1,2,2,2,1,1,2,2,1,1,1,2,1,1,2,6,6,3,2,6,5,7,2,6,4,4,5,6,2,7,1,19,2,2,5,1,3,3,6,103
104,1,1,2,0,4,0,3,0,2,0,2,0,0,1,2,0,0,1,5,5,5,4,3,5,5,3,1,1,1,1,1,1,0,0,0,1,1,1,1,NA,NA,NA,NA,NA,NA,NA,"",1,NA,NA,NA,NA,NA,NA,NA,"",0,0,NA,NA,6,1,0,1,5,0,4,1,6,6,7,5,7,3,1,2,2,3,3,1,2,1,2,NA,3,1,3,4,1,4,2,2,1,3,3,3,2,1,2,2,2,4,3,2,3,1,0,NA,NA,0,NA,NA,1,2,NA,0,NA,NA,0,NA,NA,0,NA,NA,0,NA,NA,0,NA,NA,1,2,2,1,1,2,1,2,1,2,1,2,1,1,1,2,1,1,1,1,2,1,5,6,7,7,5,7,6,5,3,4,1,4,5,5,1,7,1,18,2,2,5,1,1,1,7,104
105,1,1,3,0,0,0,3,0,1,0,1,0,0,2,1,0,0,1,5,5,4,4,5,5,5,4,1,1,1,1,1,1,0,0,0,1,1,1,1,NA,NA,NA,NA,NA,NA,NA,"",1,NA,1,1,NA,NA,NA,NA,"",0,0,NA,NA,6,3,0,2,6,0,3,1,6,4,5,6,7,6,1,2,3,3,3,2,3,2,2,3,1,2,2,1,3,3,2,2,2,3,2,2,4,2,2,3,3,2,3,1,2,1,0,NA,NA,0,NA,NA,1,2,NA,0,NA,NA,1,2,NA,0,NA,NA,0,NA,NA,1,2,NA,1,1,2,1,2,1,2,1,1,1,2,1,2,1,1,1,1,1,2,1,1,1,2,6,2,6,5,5,6,6,5,7,4,5,6,5,5,5,1,19,2,2,5,1,3,2,7,105
106,1,1,0,NA,NA,NA,NA,NA,NA,NA,NA,NA,NA,NA,NA,NA,NA,1,4,4,5,4,4,5,3,3,1,0,0,0,0,0,0,0,0,0,0,1,NA,NA,NA,NA,NA,NA,1,NA,"",NA,NA,NA,NA,NA,NA,1,NA,"",0,0,NA,NA,1,1,0,4,0,NA,NA,1,7,6,6,5,5,6,1,2,2,1,2,2,4,3,3,2,3,3,2,3,4,1,2,3,4,3,2,2,2,3,2,2,4,2,4,2,2,1,1,3,NA,0,NA,NA,0,NA,NA,0,NA,NA,0,NA,NA,0,NA,NA,0,NA,NA,0,NA,NA,1,1,2,1,1,1,2,2,1,2,2,2,1,1,1,2,1,1,2,1,2,1,3,7,6,6,3,3,4,6,6,6,5,5,7,5,6,6,1,19,1,2,5,1,1,7,1,106
107,1,1,3,2,4,1,3,0,2,0,1,1,0,1,1,1,0,1,5,5,5,5,5,5,5,5,1,1,1,1,1,1,0,0,1,1,1,1,1,NA,NA,NA,NA,NA,NA,NA,"",1,NA,NA,NA,NA,NA,NA,NA,"",0,0,NA,NA,5,2,1,1,1,2,3,1,6,5,5,4,6,4,1,2,3,3,3,2,3,2,3,4,2,3,3,4,2,3,2,3,1,4,2,2,3,1,2,4,2,3,2,3,2,1,0,NA,NA,0,NA,NA,0,NA,NA,0,NA,NA,0,NA,NA,1,2,NA,1,2,NA,0,NA,NA,1,1,2,NA,2,2,1,2,1,1,2,2,2,2,1,2,1,1,1,1,2,1,4,6,5,6,4,5,6,7,5,4,3,4,6,6,2,6,1,21,2,2,5,1,3,2,7,107
108,1,1,0,NA,NA,NA,NA,NA,NA,NA,NA,NA,NA,NA,NA,NA,NA,1,5,5,5,4,5,5,2,4,1,0,1,0,0,0,0,1,0,0,1,1,NA,NA,NA,NA,NA,NA,1,NA,"",NA,NA,NA,NA,NA,NA,1,NA,"",0,0,NA,NA,0,NA,NA,NA,NA,NA,NA,1,7,6,6,2,6,5,1,2,2,3,4,2,3,1,3,2,4,3,3,2,2,4,2,3,1,3,3,4,1,3,3,1,4,3,3,3,4,1,0,NA,NA,0,NA,NA,0,NA,NA,0,NA,NA,1,1,NA,0,NA,NA,0,NA,NA,0,NA,NA,1,2,2,1,1,2,1,2,1,1,2,2,1,1,1,2,1,1,1,2,1,1,5,7,6,6,1,7,6,6,2,5,6,7,7,7,4,7,1,19,2,2,6,1,3,2,6,108
109,1,1,1,0,0,0,0,0,0,0,0,0,0,0,0,0,0,1,4,3,5,3,2,4,4,3,1,0,1,1,0,0,0,0,0,1,1,1,NA,NA,NA,NA,NA,NA,1,NA,"",1,NA,NA,NA,NA,NA,NA,NA,"",0,1,0,0,0,NA,NA,NA,NA,NA,NA,1,5,5,6,5,4,2,1,2,2,1,2,2,2,3,4,3,2,1,2,3,2,3,2,2,2,3,2,1,2,1,2,1,1,2,2,2,3,1,0,NA,NA,0,NA,NA,0,NA,NA,0,NA,NA,0,NA,NA,0,NA,NA,0,NA,NA,0,NA,NA,1,2,2,1,2,2,1,2,2,1,1,2,2,1,2,2,1,1,2,2,2,1,2,6,3,5,5,5,3,6,5,6,5,4,7,3,2,6,1,18,2,2,3,1,3,3,5,109
110,1,1,0,NA,NA,NA,NA,NA,NA,NA,NA,NA,NA,NA,NA,NA,NA,1,5,5,5,3,5,5,3,3,1,0,0,0,0,0,0,0,0,1,1,1,NA,NA,NA,NA,NA,NA,1,NA,"",NA,NA,NA,NA,NA,NA,1,NA,"",0,0,NA,NA,2,2,1,1,2,3,4,1,7,7,7,7,4,4,1,2,2,2,3,2,2,3,3,2,1,4,2,1,2,3,2,2,2,3,2,2,3,3,4,3,3,3,3,2,2,1,0,NA,NA,0,NA,NA,0,NA,NA,0,NA,NA,0,NA,NA,0,NA,NA,0,NA,NA,0,NA,NA,1,1,1,1,2,1,1,2,1,NA,NA,NA,NA,1,1,1,1,1,1,2,1,1,5,2,6,5,1,7,4,6,2,3,5,3,4,1,7,1,1,19,1,2,5,1,3,7,3,110
111,1,1,2,0,2,0,2,0,1,0,1,0,0,2,1,0,0,1,4,4,4,4,4,5,3,3,1,0,1,1,1,0,0,1,0,1,1,1,1,NA,NA,NA,NA,NA,NA,NA,"",NA,NA,NA,NA,NA,NA,NA,NA,"",0,0,NA,NA,2,1,0,4,1,0,4,1,5,5,5,6,4,2,1,3,2,2,3,2,3,3,3,3,2,2,4,4,2,4,2,2,2,2,3,2,2,2,2,1,3,2,2,3,4,1,1,1,NA,2,NA,2,1,2,NA,0,NA,NA,1,2,NA,0,NA,NA,0,NA,NA,1,2,NA,1,2,2,1,1,2,1,2,2,1,1,2,2,2,1,2,1,1,1,1,2,1,5,6,5,4,5,4,4,7,3,7,5,3,6,4,2,7,1,18,2,2,5,1,1,3,7,111
113,1,1,1,0,2,0,1,0,0,0,0,0,0,0,0,0,0,1,5,5,5,3,3,5,1,4,1,0,1,0,0,0,0,1,0,1,1,1,NA,NA,NA,NA,NA,NA,1,NA,"",1,NA,NA,NA,NA,NA,NA,NA,"",0,0,NA,NA,0,NA,NA,NA,NA,NA,NA,1,6,6,7,5,7,5,1,2,1,3,3,2,3,4,3,3,4,1,3,3,2,4,2,3,1,3,3,3,1,1,4,1,4,2,1,4,4,1,0,NA,NA,0,NA,NA,0,NA,NA,0,NA,NA,0,NA,NA,0,NA,NA,0,NA,NA,0,NA,NA,1,2,1,1,1,2,2,2,1,1,1,2,2,2,1,1,1,2,2,2,1,1,2,7,5,4,6,4,4,7,6,6,2,4,7,6,1,7,1,19,1,2,5,1,1,7,1,113
114,1,1,3,1,3,0,2,0,0,0,1,0,0,0,0,1,0,1,5,5,4,5,5,5,4,4,1,1,1,1,0,1,0,0,0,0,0,1,1,NA,NA,NA,NA,NA,NA,NA,"",1,NA,NA,1,NA,NA,NA,NA,"",2,2,0,0,3,0,NA,NA,1,0,4,1,5,4,6,3,5,4,1,3,2,3,2,3,3,2,3,2,2,3,2,3,2,3,3,3,2,3,2,2,1,2,2,1,NA,2,1,3,3,1,0,NA,NA,0,NA,NA,0,NA,NA,0,NA,NA,0,NA,NA,0,NA,NA,2,NA,2,0,NA,NA,1,1,1,1,2,2,1,2,2,2,2,2,2,1,2,2,1,2,2,1,2,1,1,7,5,2,4,5,2,6,2,5,3,4,6,5,5,7,1,21,2,2,5,1,3,3,6,114
115,1,1,2,1,3,1,3,1,3,1,1,0,1,1,0,0,0,1,4,3,2,2,2,4,4,4,1,1,1,1,0,1,1,0,1,1,1,1,1,1,1,NA,1,1,NA,NA,"",1,1,1,1,1,1,NA,NA,"",0,0,NA,NA,4,4,0,1,0,NA,NA,1,3,6,4,6,7,6,1,3,2,3,3,2,2,3,3,2,2,2,3,2,2,1,2,2,1,3,3,2,2,3,3,2,1,3,2,2,2,1,0,NA,NA,0,NA,NA,1,1,NA,0,NA,NA,1,1,NA,0,NA,NA,0,NA,NA,1,2,NA,1,2,2,2,2,2,1,2,1,1,1,2,2,2,2,2,2,1,2,1,1,1,5,6,4,2,6,3,6,4,5,3,6,4,6,5,3,5,1,20,1,2,5,1,1,7,4,115
117,1,1,1,0,1,0,1,0,0,0,0,0,1,2,0,0,0,1,5,1,3,1,1,1,1,2,1,0,1,0,0,1,0,0,0,1,0,1,NA,NA,NA,NA,NA,NA,1,NA,"",NA,NA,NA,NA,NA,NA,1,NA,"",0,0,NA,NA,5,5,1,3,0,NA,NA,1,7,6,6,7,7,4,1,4,2,3,3,3,3,4,4,3,4,3,4,3,2,3,3,2,2,2,3,2,3,1,3,1,3,1,2,4,4,1,0,NA,NA,0,NA,NA,1,2,NA,0,NA,NA,1,3,NA,0,NA,NA,0,NA,NA,1,3,NA,1,2,1,2,2,2,1,2,2,1,1,2,1,2,1,2,1,2,1,2,1,1,6,7,7,2,6,7,6,6,5,7,7,6,7,1,3,6,1,21,1,2,5,1,5,7,1,117
118,1,1,3,1,3,0,2,0,0,0,1,0,0,0,1,0,0,1,5,5,5,4,5,5,4,5,1,1,1,1,0,1,0,0,0,1,0,1,1,NA,NA,NA,NA,NA,NA,NA,"",1,NA,1,1,NA,NA,NA,NA,"",0,0,NA,NA,3,1,0,1,1,0,4,1,4,3,7,5,7,4,1,2,2,2,1,3,3,2,3,2,2,3,3,1,2,4,2,2,2,3,3,3,3,2,1,2,4,1,4,2,3,1,0,NA,NA,0,NA,NA,0,NA,NA,0,NA,NA,0,NA,NA,0,NA,NA,0,NA,NA,0,NA,NA,1,1,2,2,2,2,1,1,1,1,2,1,2,2,1,2,2,2,1,2,1,1,3,7,3,7,3,5,5,7,3,6,5,5,7,1,3,7,1,20,1,2,5,1,3,7,2,118
119,1,1,1,1,1,0,0,0,0,0,0,1,0,0,0,0,0,1,4,4,4,4,2,1,2,1,1,1,1,0,0,0,0,0,0,1,1,1,NA,NA,NA,NA,NA,NA,1,NA,"",NA,NA,NA,NA,NA,NA,1,NA,"",0,0,NA,NA,0,NA,NA,NA,NA,NA,NA,1,2,1,1,1,6,2,1,2,2,3,1,3,2,2,4,2,3,4,2,3,1,1,2,2,4,2,3,3,2,3,3,3,3,4,4,2,2,1,1,3,NA,2,NA,1,1,2,NA,2,NA,1,1,3,NA,1,2,NA,2,NA,3,1,2,NA,1,1,1,1,2,2,2,1,1,1,1,1,1,2,2,1,1,2,1,2,1,1,6,4,5,6,6,3,5,6,6,3,5,6,7,6,7,2,1,19,2,2,5,1,3,1,1,119
120,1,1,1,0,1,0,0,0,0,0,0,0,0,0,0,0,0,1,4,2,4,4,4,5,3,4,1,0,1,1,0,1,0,0,0,0,1,1,1,NA,NA,NA,NA,NA,NA,NA,"",1,NA,NA,1,NA,NA,NA,NA,"",0,0,NA,NA,1,1,1,0,0,NA,NA,1,6,2,4,3,6,2,1,3,2,1,2,2,2,3,3,2,4,2,3,4,NA,2,1,2,1,2,4,1,2,2,2,1,2,2,2,3,4,1,1,3,NA,0,NA,NA,0,NA,NA,0,NA,NA,0,NA,NA,0,NA,NA,0,NA,NA,0,NA,NA,1,1,2,1,1,2,1,2,1,1,1,2,1,1,2,2,1,1,1,2,1,1,5,6,2,3,5,6,6,7,4,5,2,4,6,2,2,7,1,18,2,2,5,1,3,2,7,120
121,1,1,2,0,0,0,0,0,0,0,0,0,0,1,0,0,0,1,3,2,3,2,1,3,2,3,1,0,1,1,1,1,0,0,0,0,1,1,NA,NA,NA,NA,NA,NA,1,NA,"",1,NA,NA,NA,NA,NA,NA,NA,"",0,2,0,0,2,1,1,2,1,0,0,1,5,5,4,4,5,2,1,2,2,3,3,2,3,2,4,2,4,4,3,4,2,2,1,2,2,2,3,1,2,1,2,1,3,2,3,3,2,1,0,NA,NA,0,NA,NA,1,2,NA,0,NA,NA,1,2,NA,0,NA,NA,0,NA,NA,1,1,NA,1,1,2,1,1,2,1,2,2,1,1,1,2,1,2,2,2,1,1,1,2,1,4,3,6,4,4,4,4,5,6,5,4,3,7,1,2,4,1,18,1,1,5,1,3,4,4,121
122,1,1,2,0,3,0,3,0,0,0,1,0,0,0,1,0,1,1,5,5,4,3,3,4,4,4,1,0,1,1,1,1,0,0,0,1,1,1,NA,NA,NA,NA,NA,NA,NA,NA,"",1,1,NA,NA,NA,NA,NA,NA,"",0,0,NA,NA,1,1,1,3,1,2,3,1,6,5,6,5,7,6,1,2,3,2,2,1,2,2,3,3,3,1,4,1,2,3,2,3,1,3,2,3,3,2,3,3,3,2,2,1,2,1,0,NA,NA,0,NA,NA,0,NA,NA,0,NA,NA,1,1,NA,0,NA,NA,0,NA,NA,1,2,NA,1,1,2,1,1,2,2,2,1,2,2,2,2,2,1,2,2,1,2,2,2,1,3,7,3,5,6,5,4,6,3,4,3,5,6,5,4,7,1,19,1,2,5,1,3,7,4,122
123,1,1,3,1,3,0,2,0,1,0,NA,0,0,1,1,0,0,1,4,3,3,4,4,5,4,4,1,1,1,1,1,1,0,0,0,1,1,1,1,NA,NA,NA,NA,NA,NA,NA,"",1,NA,1,1,NA,NA,NA,NA,"",0,0,NA,NA,3,0,NA,NA,3,1,3,1,6,6,5,6,5,6,1,3,2,3,4,2,2,3,4,4,3,2,4,3,2,3,3,2,2,3,3,2,2,2,3,1,2,4,2,3,3,1,0,NA,NA,0,NA,NA,1,2,NA,0,NA,NA,1,3,NA,1,2,NA,2,NA,2,1,3,NA,1,1,2,1,1,1,2,2,2,1,1,2,1,1,2,2,1,1,2,2,1,1,5,7,6,5,5,7,3,7,5,6,7,5,7,4,5,6,1,20,2,2,5,1,5,1,7,123
124,1,1,2,2,2,0,1,0,1,0,0,0,0,1,0,0,0,1,5,4,4,4,3,3,4,5,1,1,1,1,1,1,1,0,1,1,1,1,1,1,NA,1,NA,NA,NA,NA,"",1,1,NA,1,NA,NA,NA,NA,"",0,0,NA,NA,1,1,0,0,0,NA,NA,1,5,5,6,4,3,2,1,2,2,4,3,2,2,3,3,3,2,2,3,4,2,3,2,3,1,2,2,1,2,1,2,2,3,3,2,4,3,1,2,NA,1,2,NA,1,0,NA,NA,2,NA,1,1,1,NA,2,NA,1,1,1,NA,1,1,NA,1,1,2,1,2,2,2,2,2,2,2,2,1,1,2,2,1,1,2,2,2,1,2,5,3,5,3,4,4,6,6,5,6,3,7,3,4,6,1,18,2,2,5,1,3,3,7,124
125,1,1,1,0,1,0,1,0,0,0,0,0,0,0,0,0,0,1,4,4,5,3,1,1,2,2,1,0,1,0,0,0,0,1,0,1,1,1,NA,NA,NA,NA,NA,NA,1,NA,"",NA,NA,NA,NA,NA,NA,1,NA,"",0,0,NA,NA,1,1,0,4,0,NA,NA,1,5,3,5,3,7,7,1,3,1,2,3,1,3,4,2,3,3,1,3,3,1,2,3,2,3,2,3,3,2,1,2,2,2,2,1,2,4,1,1,2,NA,0,NA,NA,0,NA,NA,0,NA,NA,0,NA,NA,0,NA,NA,0,NA,NA,1,1,NA,1,1,2,1,2,2,2,1,2,1,1,2,2,1,1,2,2,1,2,2,1,1,2,6,5,2,3,5,3,6,3,6,3,3,7,3,1,7,1,27,1,2,5,3,6,7,1,125
126,1,1,0,NA,NA,NA,NA,NA,NA,NA,NA,NA,NA,NA,NA,NA,NA,1,4,1,4,1,2,4,4,4,1,0,0,0,0,0,0,1,0,1,1,1,NA,NA,NA,NA,NA,NA,1,NA,"",NA,NA,NA,NA,NA,NA,1,NA,"",0,0,NA,NA,1,0,NA,NA,1,0,0,1,3,6,1,1,4,1,1,4,2,4,3,1,2,4,4,3,4,3,3,4,2,2,1,2,2,2,3,2,2,1,2,1,3,2,4,3,4,1,2,NA,1,1,2,NA,1,3,NA,2,NA,2,1,3,NA,1,2,NA,0,NA,NA,1,3,NA,1,2,2,1,1,1,1,2,1,2,1,2,1,2,1,2,1,1,1,2,1,1,7,2,2,1,7,3,6,6,5,5,7,7,7,1,1,2,1,19,1,2,6,1,3,4,4,126
127,1,1,1,0,2,0,2,0,0,0,0,0,0,0,0,0,0,1,5,5,4,3,4,5,5,5,1,0,1,1,0,1,1,0,0,1,1,1,1,NA,NA,NA,NA,NA,NA,NA,"",1,1,1,1,NA,NA,NA,NA,"",0,0,NA,NA,6,4,0,2,3,0,3,1,6,6,6,5,7,6,1,3,3,2,2,3,3,3,2,1,4,4,2,2,3,3,2,3,3,3,2,3,2,1,3,1,3,2,4,2,3,1,0,NA,NA,0,NA,NA,2,NA,1,0,NA,NA,0,NA,NA,0,NA,NA,0,NA,NA,0,NA,NA,1,2,2,1,2,1,1,2,1,1,2,1,2,2,2,2,2,1,2,2,1,1,3,6,5,2,4,4,4,7,3,2,4,6,3,1,5,7,1,19,1,2,5,1,3,7,4,127
128,1,1,0,NA,NA,NA,NA,NA,NA,NA,NA,NA,NA,NA,NA,NA,NA,1,4,3,5,4,3,5,1,4,1,0,1,1,0,0,1,1,1,1,1,1,1,NA,NA,NA,NA,NA,NA,NA,"",1,NA,NA,NA,NA,NA,NA,NA,"",0,1,0,0,1,1,1,4,0,NA,NA,1,6,6,4,6,7,4,1,3,3,4,2,2,2,3,2,2,2,2,3,2,2,3,1,3,2,3,3,2,3,2,1,2,2,3,2,3,3,1,0,NA,NA,0,NA,NA,0,NA,NA,0,NA,NA,0,NA,NA,0,NA,NA,0,NA,NA,0,NA,NA,1,2,2,1,1,2,1,2,1,1,1,2,1,1,2,2,2,1,1,1,1,1,3,4,6,5,5,5,7,7,6,5,2,5,7,4,5,6,1,20,2,0,6,1,1,1,7,128
129,1,1,4,0,1,0,3,0,3,0,1,1,0,1,2,2,0,1,5,5,5,4,3,5,5,5,1,1,1,1,0,1,0,0,0,1,1,1,1,NA,NA,NA,NA,NA,NA,NA,"",1,1,1,NA,NA,NA,NA,NA,"",0,0,NA,NA,3,2,0,2,1,0,2,1,7,6,6,2,7,5,1,2,2,2,4,2,2,3,4,3,3,2,3,1,1,2,2,2,2,3,3,2,2,2,1,2,3,3,2,1,2,1,1,3,NA,0,NA,NA,1,3,NA,0,NA,NA,1,2,NA,1,3,NA,0,NA,NA,1,3,NA,1,1,2,1,2,2,1,2,1,2,2,2,2,1,1,2,1,2,2,1,2,1,2,7,5,6,2,4,5,7,5,5,6,6,5,6,2,7,1,22,1,2,5,1,5,7,1,129
130,1,1,3,0,2,0,2,0,0,0,0,0,0,1,1,0,0,1,4,2,2,2,2,3,2,3,1,1,1,1,1,0,1,1,0,1,1,1,1,NA,NA,1,NA,NA,NA,NA,"",1,NA,NA,NA,NA,NA,NA,NA,"",0,0,NA,NA,0,NA,NA,NA,NA,NA,NA,1,7,7,7,7,1,4,1,1,1,3,1,1,1,1,3,2,2,3,3,3,2,2,1,1,2,1,3,1,2,1,2,1,2,2,1,2,2,1,0,NA,NA,0,NA,NA,0,NA,NA,0,NA,NA,0,NA,NA,0,NA,NA,0,NA,NA,0,NA,NA,1,1,2,1,1,2,2,2,2,1,2,2,2,2,2,2,2,1,1,1,2,1,4,4,1,6,4,4,4,6,7,7,6,6,6,1,1,1,1,18,2,0,0,1,1,1,7,130
131,1,1,3,1,3,0,2,0,0,0,0,0,0,1,1,0,0,1,4,3,4,4,3,4,3,4,1,1,1,1,1,1,1,1,0,1,1,1,1,1,NA,NA,NA,NA,NA,NA,"",1,1,1,1,NA,1,NA,NA,"",0,0,NA,NA,2,2,1,1,1,1,1,1,6,5,7,4,7,6,1,3,2,3,3,2,3,3,3,3,3,4,4,2,1,4,2,2,2,2,3,2,2,2,2,1,3,2,3,4,2,1,0,NA,NA,0,NA,NA,0,NA,NA,0,NA,NA,0,NA,NA,0,NA,NA,0,NA,NA,0,NA,NA,1,1,2,1,1,1,2,2,1,1,1,2,1,1,2,2,1,1,1,2,1,1,2,7,7,5,5,6,3,7,5,5,3,5,6,6,1,7,1,22,2,2,5,1,5,2,6,131
132,1,1,2,0,1,0,2,0,2,0,1,0,0,0,0,0,0,1,4,5,4,3,4,3,4,1,1,0,1,0,1,0,0,0,0,1,0,1,NA,NA,NA,NA,NA,NA,1,NA,"",NA,NA,NA,NA,NA,NA,1,NA,"",0,0,NA,NA,1,1,0,0,1,0,0,1,5,1,6,6,7,7,1,4,2,2,4,2,4,4,3,4,2,3,3,2,3,2,3,2,1,2,2,2,1,4,2,2,2,1,1,4,4,1,0,NA,NA,0,NA,NA,1,3,NA,0,NA,NA,2,NA,3,0,NA,NA,0,NA,NA,1,2,NA,1,1,2,1,1,2,1,1,1,1,1,2,1,1,2,2,1,1,1,1,2,1,1,6,2,5,6,5,7,7,5,5,6,6,5,6,6,6,1,21,1,2,3,1,5,5,1,132
133,1,1,1,0,1,0,0,0,0,0,0,0,0,0,0,0,0,1,4,4,1,2,3,4,2,1,1,1,1,0,0,0,0,0,0,0,0,1,NA,NA,NA,NA,NA,NA,1,NA,"",1,NA,NA,NA,NA,NA,NA,NA,"",0,0,NA,NA,0,NA,NA,NA,NA,NA,NA,1,3,3,NA,4,6,3,1,2,3,2,1,2,4,3,2,2,2,1,4,3,3,4,1,3,1,2,2,2,3,1,2,1,3,2,1,4,3,1,0,NA,NA,0,NA,NA,1,2,NA,0,NA,NA,0,NA,NA,0,NA,NA,0,NA,NA,1,1,NA,1,1,2,1,2,2,1,1,1,1,1,1,1,1,2,1,2,2,1,2,1,1,4,6,5,3,6,5,5,7,6,3,6,4,7,7,5,7,1,23,2,2,2,1,5,2,7,133
134,1,1,2,0,2,0,2,0,0,0,0,0,0,0,2,1,0,1,4,3,5,4,3,4,3,4,1,1,1,1,0,1,1,0,0,1,0,1,1,NA,NA,NA,NA,NA,NA,NA,"",1,NA,1,NA,NA,NA,NA,NA,"",0,0,NA,NA,2,2,0,0,0,NA,NA,1,6,5,7,4,6,5,1,3,3,2,3,2,2,2,3,2,2,2,3,2,2,3,2,2,2,3,2,2,2,3,2,2,2,3,2,3,2,1,1,1,NA,0,NA,NA,0,NA,NA,0,NA,NA,1,1,NA,0,NA,NA,2,NA,2,0,NA,NA,1,1,1,2,1,2,2,2,2,2,2,2,1,2,2,2,1,1,1,1,2,1,4,6,3,2,4,5,4,6,2,5,4,5,6,5,3,6,1,20,1,2,6,1,3,6,4,134
135,1,1,2,2,2,2,1,2,2,0,0,0,0,0,0,0,0,1,5,4,3,4,4,5,2,3,1,1,1,0,0,1,0,1,1,0,1,1,NA,NA,NA,NA,NA,NA,NA,NA,"",1,NA,NA,NA,NA,NA,NA,NA,"",0,0,NA,NA,0,NA,NA,NA,NA,NA,NA,1,5,5,4,5,3,6,1,2,2,2,2,2,3,2,3,3,2,1,4,2,1,4,3,2,1,3,3,2,2,3,2,3,2,2,1,3,4,1,0,NA,NA,0,NA,NA,0,NA,NA,0,NA,NA,1,3,NA,0,NA,NA,2,NA,1,0,NA,NA,1,2,2,1,1,2,2,1,1,1,1,2,1,1,1,2,1,NA,1,1,2,1,5,4,7,5,5,7,7,6,7,7,6,4,5,5,6,7,1,23,2,2,5,0,3,1,7,135
136,1,1,0,NA,NA,NA,NA,NA,NA,NA,NA,NA,NA,NA,NA,NA,NA,1,2,2,4,3,3,1,2,3,1,0,1,0,0,1,0,0,0,1,1,1,NA,NA,NA,NA,NA,NA,1,NA,"",NA,NA,NA,NA,NA,NA,1,NA,"",0,0,NA,NA,1,0,NA,NA,0,NA,NA,1,7,6,2,4,5,6,1,2,2,3,2,2,3,3,NA,4,2,2,3,3,2,4,2,2,1,2,3,2,2,2,2,1,2,2,2,4,3,1,0,NA,NA,0,NA,NA,2,NA,2,0,NA,NA,1,1,NA,1,2,NA,0,NA,NA,2,NA,2,1,1,1,1,1,2,1,1,2,1,1,2,1,1,1,2,1,1,1,2,1,1,5,5,1,6,5,6,5,6,6,4,6,5,4,NA,6,6,1,18,1,2,3,1,1,7,1,136
137,1,1,2,0,2,0,3,0,2,0,1,0,0,1,1,0,0,1,4,3,4,4,2,4,5,3,1,1,1,0,1,1,0,0,0,0,0,1,1,NA,NA,NA,NA,NA,NA,NA,"",1,NA,NA,NA,NA,NA,NA,NA,"",0,0,NA,NA,4,1,1,1,1,0,2,1,6,4,6,1,6,4,1,3,2,3,3,2,2,3,2,2,3,2,3,3,2,2,1,3,3,2,3,2,4,3,3,3,3,2,2,2,3,1,0,NA,NA,2,NA,2,1,2,NA,0,NA,NA,1,2,NA,0,NA,NA,0,NA,NA,1,2,NA,1,1,2,1,1,2,2,2,1,2,2,2,1,1,2,2,1,1,1,2,1,1,2,7,5,3,3,3,5,6,3,6,6,6,2,2,1,6,1,22,1,1,5,1,3,6,4,137
138,1,1,2,1,3,0,1,0,0,0,0,0,0,0,0,0,0,1,4,2,4,3,4,4,4,4,1,0,0,1,0,0,0,0,0,1,1,1,1,1,NA,1,1,1,NA,NA,"",1,NA,NA,1,NA,NA,NA,NA,"",0,0,NA,NA,1,0,NA,NA,1,0,4,1,6,3,3,5,5,5,1,2,3,2,3,2,2,1,2,2,3,1,2,3,3,3,2,3,1,2,2,2,2,3,2,1,1,3,2,3,3,1,0,NA,NA,2,NA,1,0,NA,NA,0,NA,NA,0,NA,NA,0,NA,NA,2,NA,2,0,NA,NA,1,1,2,1,2,2,2,2,2,2,2,2,1,1,2,2,2,1,2,1,2,1,1,5,5,3,7,6,6,6,3,7,2,6,6,2,1,6,1,19,2,2,5,1,3,3,6,138
139,1,1,2,0,2,0,2,0,1,0,1,0,0,1,0,0,0,1,3,2,2,3,4,5,3,4,1,0,1,1,0,1,0,0,0,1,1,1,1,NA,NA,NA,NA,NA,NA,NA,"",1,NA,NA,NA,NA,NA,NA,NA,"",1,2,0,1,1,1,0,3,0,NA,NA,1,6,3,4,3,4,4,1,3,2,2,2,2,2,3,3,3,2,2,3,2,2,2,2,2,2,2,2,2,2,2,2,1,2,2,2,4,3,1,0,NA,NA,0,NA,NA,1,1,NA,1,2,NA,0,NA,NA,0,NA,NA,2,NA,1,1,2,NA,1,1,1,2,2,1,2,1,1,2,2,1,2,1,2,2,2,2,2,1,2,1,3,4,4,3,4,5,3,5,3,3,5,3,7,4,3,5,1,20,2,2,5,1,3,3,6,139
140,1,1,3,0,3,0,2,0,0,NA,0,0,0,0,1,2,0,1,5,4,5,3,4,4,4,4,1,0,1,1,1,1,1,0,1,1,1,1,1,NA,NA,NA,NA,NA,NA,NA,"",1,1,1,1,NA,NA,NA,NA,"",0,0,NA,NA,2,1,0,3,1,1,4,1,7,6,3,4,2,4,1,2,3,3,3,3,2,1,3,2,3,3,2,2,3,2,NA,3,2,2,2,2,2,2,2,2,3,1,2,2,3,1,0,NA,NA,2,NA,3,1,3,NA,2,NA,1,1,2,NA,2,NA,2,1,2,NA,1,2,NA,1,1,2,1,1,2,1,2,2,1,2,2,1,1,2,2,1,1,1,2,2,1,5,5,5,5,5,6,5,7,5,4,4,5,7,6,5,7,1,21,2,2,3,1,1,1,7,140
141,1,1,2,1,1,0,0,0,0,0,0,0,0,0,0,0,0,1,2,3,NA,3,3,5,3,1,1,0,1,0,0,1,0,1,0,0,1,1,NA,NA,NA,NA,NA,NA,1,NA,"",NA,NA,NA,NA,NA,NA,1,NA,"",0,0,NA,NA,3,2,0,3,1,0,3,1,6,5,NA,NA,4,5,1,4,2,4,3,2,4,4,4,4,4,2,4,4,3,3,2,2,3,3,2,1,2,3,2,2,3,3,2,1,4,1,0,NA,NA,0,NA,NA,0,NA,NA,0,NA,NA,0,NA,NA,0,NA,NA,0,NA,NA,1,1,NA,1,1,1,1,1,1,2,1,1,1,2,1,1,2,2,2,1,1,1,1,1,1,4,6,4,NA,4,4,4,6,NA,NA,NA,6,6,6,5,5,1,23,2,1,6,1,5,1,7,141
142,1,1,2,0,0,2,2,1,1,1,0,0,1,1,0,0,2,1,5,4,4,5,4,4,2,4,1,1,1,1,0,0,1,0,0,0,1,1,1,NA,NA,1,NA,NA,NA,NA,"",1,NA,NA,1,NA,NA,NA,NA,"",0,0,NA,NA,0,NA,NA,NA,NA,NA,NA,1,6,5,6,7,7,6,1,2,3,1,3,3,4,1,2,1,3,4,3,1,NA,4,2,3,2,4,2,3,4,1,2,3,4,4,3,3,2,1,2,NA,1,0,NA,NA,1,1,NA,0,NA,NA,0,NA,NA,0,NA,NA,2,NA,1,1,2,NA,1,1,2,1,1,2,2,2,1,1,1,2,1,2,1,2,1,1,1,2,1,1,1,7,7,6,4,6,7,7,1,6,1,7,5,7,1,7,1,20,2,2,5,1,3,5,6,142
143,1,1,3,1,3,1,3,0,2,0,1,1,0,1,1,0,0,1,4,2,5,4,3,4,4,4,1,1,1,1,1,0,0,0,0,1,0,1,1,1,NA,NA,NA,NA,NA,NA,"",1,1,1,NA,NA,1,NA,NA,"",0,0,NA,NA,3,1,0,4,2,0,4,1,5,3,2,2,6,4,1,2,3,2,2,3,2,NA,3,2,2,3,2,3,3,2,3,3,2,3,2,3,4,2,2,2,2,3,2,2,2,1,0,NA,NA,2,NA,2,1,3,NA,0,NA,NA,1,3,NA,0,NA,NA,0,NA,NA,1,2,NA,1,1,2,2,2,1,2,1,2,1,2,1,2,1,1,1,2,2,2,1,1,1,2,7,3,2,5,4,6,6,3,4,3,5,7,4,5,7,1,21,2,2,5,1,1,2,7,143
144,1,1,0,NA,NA,NA,NA,NA,NA,NA,NA,NA,NA,NA,NA,NA,NA,1,5,5,4,4,4,5,2,4,1,1,1,1,0,0,1,0,0,1,1,1,NA,NA,NA,NA,NA,1,NA,NA,"",1,NA,NA,1,NA,NA,NA,NA,"",0,1,0,0,4,2,1,0,2,1,0,1,7,6,7,5,7,7,1,2,2,3,2,1,3,3,3,3,4,2,3,1,2,4,3,2,2,2,3,2,2,2,2,1,2,3,2,2,2,1,0,NA,NA,0,NA,NA,0,NA,NA,0,NA,NA,0,NA,NA,0,NA,NA,0,NA,NA,0,NA,NA,1,2,1,1,1,2,2,2,1,1,2,2,1,1,2,2,1,1,1,2,2,1,1,7,2,7,1,6,1,7,1,7,1,6,7,5,2,7,1,20,0,2,5,1,3,1,7,144
145,1,1,3,1,2,1,2,0,0,0,1,0,0,1,3,2,2,1,4,2,5,4,3,3,4,5,1,1,1,1,1,1,1,0,1,1,1,1,NA,NA,NA,1,NA,NA,NA,NA,"",1,NA,1,1,NA,NA,NA,NA,"",0,0,NA,NA,3,2,1,0,2,0,1,1,6,7,7,7,7,6,1,2,2,1,4,2,1,2,2,2,4,1,3,1,2,3,2,1,3,2,3,3,2,1,4,1,4,3,1,3,2,1,0,NA,NA,0,NA,NA,1,1,NA,2,NA,1,0,NA,NA,0,NA,NA,0,NA,NA,1,1,NA,1,1,2,1,2,2,1,2,1,2,2,2,1,1,2,2,1,1,2,1,1,1,2,7,2,3,6,5,3,6,1,5,3,4,6,5,1,6,1,20,1,2,5,1,3,6,4,145
146,1,1,2,1,2,0,0,0,0,0,1,0,0,1,0,0,0,1,5,5,4,2,4,5,4,3,1,0,1,0,0,0,0,0,0,1,1,1,NA,NA,NA,NA,NA,NA,1,NA,"",NA,NA,NA,NA,NA,NA,1,NA,"",0,0,NA,NA,0,NA,NA,NA,NA,NA,NA,1,5,5,7,6,2,6,1,2,3,3,3,3,3,3,3,2,4,2,3,3,3,3,3,3,3,4,2,1,2,1,3,1,2,3,2,2,3,1,0,NA,NA,1,3,NA,0,NA,NA,1,3,NA,2,NA,3,1,3,NA,2,NA,3,1,1,NA,1,2,2,1,1,2,1,2,2,1,1,2,1,1,2,1,2,1,1,2,1,1,3,7,2,5,2,6,6,7,2,7,3,6,5,5,5,5,1,22,1,2,5,1,3,7,2,146
147,1,1,2,1,2,0,1,0,0,0,0,0,0,1,1,1,0,1,5,4,5,1,4,3,3,4,1,0,1,1,1,1,1,0,0,1,0,1,1,NA,NA,NA,NA,NA,NA,NA,"",1,NA,NA,NA,NA,NA,NA,NA,"",0,0,NA,NA,1,1,0,3,0,NA,NA,1,7,6,5,6,4,4,1,2,1,3,2,2,1,2,3,2,1,2,4,2,1,4,2,2,1,2,3,2,2,2,1,2,3,3,3,4,3,1,0,NA,NA,0,NA,NA,1,2,NA,0,NA,NA,0,NA,NA,0,NA,NA,0,NA,NA,1,2,NA,1,1,2,1,1,2,1,2,1,2,2,2,1,1,2,2,1,1,1,2,1,1,1,7,5,1,6,5,4,5,3,5,4,6,7,3,1,7,1,21,1,2,5,1,3,5,5,147
148,1,1,2,1,4,0,3,0,0,0,1,0,0,1,2,0,0,1,5,4,5,4,4,5,5,5,1,1,1,1,1,1,1,1,1,1,1,1,1,NA,NA,NA,NA,NA,NA,1,"Alcohol, Caffiene",1,NA,NA,1,NA,NA,NA,1,"Alcohol, Caffiene",0,0,NA,NA,3,2,1,2,0,NA,NA,1,7,6,5,6,7,3,1,3,3,2,1,2,2,2,3,3,4,2,3,4,2,3,2,2,1,2,4,2,3,3,2,1,2,3,2,4,3,1,1,1,NA,0,NA,NA,1,2,NA,0,NA,NA,1,3,NA,0,NA,NA,0,NA,NA,1,2,NA,1,2,1,1,1,2,2,2,1,1,2,2,1,1,1,2,1,1,1,2,2,1,2,7,5,5,5,6,6,6,5,2,3,5,5,5,1,7,1,19,2,2,5,1,3,NA,7,148
149,1,1,1,1,2,0,0,0,0,0,0,0,0,0,0,2,0,1,4,4,4,4,3,5,3,1,1,0,1,0,0,0,0,0,0,1,1,1,NA,NA,NA,NA,NA,NA,1,NA,"",NA,NA,NA,NA,NA,NA,1,NA,"",0,0,NA,NA,3,2,0,4,0,NA,NA,1,7,1,7,1,7,6,1,4,2,3,4,3,1,4,3,2,3,3,3,3,3,3,2,2,1,2,3,3,2,2,3,1,1,3,2,2,4,1,0,NA,NA,2,NA,3,1,3,NA,0,NA,NA,1,2,NA,0,NA,NA,0,NA,NA,0,NA,NA,1,1,2,1,1,2,1,1,1,1,1,2,1,1,1,2,1,1,2,2,1,1,2,7,7,7,4,2,6,7,6,7,1,7,7,6,1,7,1,20,2,1,5,1,1,1,7,149
150,1,1,2,1,2,0,2,0,1,0,1,0,0,1,1,0,0,1,4,3,4,4,4,4,4,4,1,1,1,1,0,0,0,0,0,1,1,1,1,1,NA,NA,NA,NA,NA,NA,"",1,1,1,1,NA,NA,NA,NA,"",0,0,NA,NA,1,0,NA,NA,0,NA,NA,1,6,5,4,6,5,5,1,3,3,2,2,2,2,2,3,2,2,1,3,3,2,4,2,2,2,3,3,2,1,2,3,3,2,2,2,3,4,1,0,NA,NA,0,NA,NA,1,2,NA,2,NA,2,0,NA,NA,0,NA,NA,2,NA,2,0,NA,NA,1,2,2,1,1,1,2,2,2,2,2,2,2,2,1,2,2,2,2,1,2,1,4,6,6,3,4,6,5,6,5,4,4,5,5,4,5,7,1,20,2,2,5,1,3,2,6,150
151,1,1,2,0,2,0,1,0,0,0,0,0,0,1,1,0,0,1,5,5,3,4,4,4,2,4,1,1,1,1,1,0,1,0,0,1,1,1,NA,NA,NA,NA,NA,NA,1,NA,"",1,NA,NA,NA,NA,NA,NA,NA,"",0,1,0,1,0,NA,NA,NA,NA,NA,NA,1,7,6,7,7,7,6,1,2,1,4,4,1,2,2,4,2,3,2,4,2,1,4,2,1,1,2,3,4,1,2,2,2,3,4,2,4,2,1,0,NA,NA,0,NA,NA,1,1,NA,2,NA,1,0,NA,NA,0,NA,NA,0,NA,NA,0,NA,NA,1,1,2,1,1,2,2,2,1,1,1,2,1,2,1,2,1,1,1,2,1,1,7,7,3,6,4,5,5,7,2,2,1,4,6,6,3,7,1,18,1,1,5,1,1,5,6,151
152,1,1,3,0,4,0,3,0,2,0,0,2,0,0,1,0,0,1,5,4,2,5,4,5,4,4,1,0,1,1,1,0,0,1,0,1,1,1,NA,NA,NA,NA,NA,NA,NA,NA,"",1,NA,NA,1,NA,NA,NA,NA,"",0,0,NA,NA,0,NA,NA,NA,NA,NA,NA,1,6,7,6,7,7,4,1,3,3,2,4,1,3,3,4,3,3,3,4,3,2,4,3,2,1,3,4,2,1,2,2,2,3,3,2,4,3,1,0,NA,NA,2,NA,3,0,NA,NA,0,NA,NA,1,2,NA,1,3,NA,0,NA,NA,1,2,NA,1,1,2,1,1,2,2,2,1,1,2,1,1,1,2,2,1,2,2,2,2,1,1,7,2,2,5,7,5,7,2,6,5,5,7,5,2,7,1,19,2,1,0,1,1,1,7,152
153,1,1,2,0,1,0,1,0,0,0,0,0,0,0,1,1,0,1,5,3,4,3,3,1,3,4,1,0,1,0,0,1,0,0,0,1,1,1,NA,NA,NA,NA,NA,NA,1,NA,"",1,NA,NA,NA,NA,NA,NA,NA,"",0,1,0,0,1,1,1,1,0,NA,NA,1,7,7,7,7,7,5,1,4,1,2,4,2,2,3,4,4,3,2,4,2,2,4,2,NA,NA,2,4,3,3,2,1,2,3,1,3,2,4,1,0,NA,NA,0,NA,NA,0,NA,NA,0,NA,NA,0,NA,NA,0,NA,NA,2,NA,1,0,NA,NA,1,2,2,1,1,2,1,2,1,1,1,2,1,2,2,2,1,1,1,2,2,1,1,7,7,4,6,5,7,7,4,5,4,4,7,2,1,5,1,23,1,2,5,1,5,6,4,153
154,1,1,2,2,3,0,2,0,0,0,1,0,0,1,0,0,0,1,4,3,5,3,2,4,4,2,1,0,1,1,0,1,0,0,0,0,0,1,NA,NA,NA,NA,NA,NA,1,NA,"",1,NA,1,1,NA,NA,NA,NA,"",0,0,NA,NA,1,1,1,1,0,NA,NA,1,5,2,4,3,5,4,1,2,2,2,2,2,3,3,3,2,2,3,3,3,2,3,2,3,2,3,2,2,2,2,3,1,3,2,3,3,3,1,0,NA,NA,0,NA,NA,0,NA,NA,0,NA,NA,1,2,NA,1,2,NA,2,NA,1,0,NA,NA,1,1,1,1,2,1,2,1,1,1,1,1,2,1,1,1,1,1,2,2,2,1,3,5,4,4,5,5,5,6,4,4,3,3,6,3,3,5,1,20,1,2,5,1,3,7,5,154
155,1,1,0,NA,NA,NA,NA,NA,NA,NA,NA,NA,NA,NA,NA,NA,NA,1,4,3,2,1,1,1,1,2,1,0,0,0,0,0,0,1,0,1,1,1,NA,NA,NA,NA,NA,NA,1,NA,"",NA,NA,NA,NA,NA,NA,1,NA,"",0,0,NA,NA,1,1,0,4,0,NA,NA,1,5,6,6,5,7,6,1,4,2,2,2,1,2,4,3,3,2,3,3,3,2,2,1,2,2,2,3,2,3,1,2,2,2,3,3,3,4,1,0,NA,NA,0,NA,NA,0,NA,NA,0,NA,NA,0,NA,NA,0,NA,NA,0,NA,NA,0,NA,NA,1,2,2,1,1,2,1,2,1,1,2,2,1,2,1,2,1,1,1,2,1,1,2,5,3,3,2,5,4,6,5,5,5,6,6,5,2,6,1,19,1,2,5,1,3,6,2,155
156,1,1,2,2,2,0,1,0,0,0,0,0,0,1,0,0,0,1,4,5,4,5,4,4,4,4,1,1,1,1,1,0,1,0,1,1,1,1,NA,NA,NA,NA,NA,NA,1,NA,"",1,1,NA,1,NA,NA,NA,NA,"",0,0,NA,NA,3,2,0,4,1,0,4,1,6,5,7,6,6,5,1,3,2,2,2,2,3,2,4,3,2,2,4,3,2,3,3,3,2,3,3,2,2,2,3,3,3,2,1,4,4,1,0,NA,NA,0,NA,NA,0,NA,NA,0,NA,NA,0,NA,NA,0,NA,NA,NA,NA,NA,0,NA,NA,1,1,1,2,1,2,2,2,1,2,1,1,1,1,1,1,2,2,1,1,2,1,3,6,6,2,5,5,3,7,5,2,4,5,7,3,1,5,1,18,2,2,5,1,1,2,7,156
157,1,1,3,0,1,0,0,0,0,0,0,0,0,0,0,0,0,1,4,4,4,3,2,2,1,3,1,0,1,0,0,1,0,0,0,0,0,1,NA,NA,NA,NA,NA,NA,1,NA,"",1,NA,NA,NA,NA,NA,NA,NA,"",0,0,NA,NA,1,1,0,0,0,NA,NA,1,4,3,5,3,7,5,1,3,1,2,2,2,3,3,3,2,2,2,3,3,1,3,2,2,1,2,3,3,1,2,2,2,3,3,2,4,3,1,0,NA,NA,0,NA,NA,0,NA,NA,0,NA,NA,0,NA,NA,0,NA,NA,0,NA,NA,0,NA,NA,1,1,2,1,2,2,1,2,1,1,2,2,1,1,2,2,1,1,1,2,2,1,5,7,3,5,6,6,5,4,5,5,4,5,6,3,4,6,1,23,1,2,5,1,4,6,3,157
158,1,1,4,1,3,NA,3,2,2,0,1,0,0,0,1,0,0,1,5,4,4,4,4,5,5,4,1,1,1,1,0,1,0,0,0,1,1,1,1,NA,NA,NA,NA,NA,NA,NA,"",1,NA,1,1,NA,NA,NA,NA,"",0,0,NA,NA,1,1,1,2,0,NA,NA,1,6,6,6,6,7,4,1,2,3,3,3,3,3,2,2,2,2,4,3,2,3,3,2,3,2,3,2,3,3,2,2,1,2,3,4,3,2,1,0,NA,NA,0,NA,NA,0,NA,NA,0,NA,NA,0,NA,NA,0,NA,NA,0,NA,NA,1,2,NA,1,1,1,1,1,1,2,2,2,2,2,2,1,1,1,2,2,1,1,2,2,1,6,7,5,7,2,6,4,6,2,4,2,4,5,5,1,6,1,21,2,2,5,1,3,2,7,158
159,1,1,3,0,2,0,1,0,2,0,0,0,0,2,0,0,1,1,5,5,4,3,4,4,4,4,1,0,1,1,1,1,0,0,0,1,0,1,NA,NA,NA,NA,NA,NA,1,NA,"",NA,NA,NA,1,NA,NA,NA,NA,"",0,0,NA,NA,6,0,NA,NA,4,3,3,1,7,7,7,7,7,7,1,2,2,2,3,2,3,2,3,3,3,2,3,2,2,3,2,2,2,3,3,2,2,2,2,1,2,2,3,3,2,1,0,NA,NA,0,NA,NA,1,2,NA,0,NA,NA,1,3,NA,0,NA,NA,0,NA,NA,1,3,NA,1,2,2,1,1,2,1,2,1,1,1,2,1,2,2,2,1,1,1,2,2,1,2,6,3,4,5,5,2,7,6,4,3,6,3,6,1,6,1,25,1,2,6,0,3,6,5,159
160,1,1,2,0,3,0,2,0,NA,NA,1,0,0,1,0,0,0,1,5,5,4,4,2,4,5,4,1,1,1,1,0,1,1,1,0,1,1,1,1,1,1,NA,NA,NA,NA,NA,"",1,NA,1,NA,NA,NA,NA,NA,"",0,0,NA,NA,2,1,0,2,2,0,2,1,6,6,7,5,7,6,1,3,2,3,2,1,2,4,3,3,3,2,3,3,2,4,3,2,2,2,4,1,2,3,3,3,3,3,2,4,3,1,0,NA,NA,2,NA,2,1,2,NA,0,NA,NA,1,2,NA,0,NA,NA,0,NA,NA,1,2,NA,1,1,2,1,2,1,2,2,1,2,2,2,2,1,1,1,2,1,2,1,2,1,2,7,3,4,2,6,4,7,5,4,5,5,7,6,2,7,1,20,2,2,2,1,1,2,7,160
161,1,1,2,1,3,0,1,NA,NA,0,0,NA,NA,NA,1,0,0,1,4,2,5,3,2,4,5,5,1,1,1,1,0,1,0,1,0,1,1,1,1,NA,NA,NA,NA,NA,NA,NA,"",1,NA,NA,NA,NA,NA,NA,NA,"",NA,0,NA,NA,2,1,0,1,1,0,1,1,7,5,6,6,7,5,1,4,1,2,3,2,2,2,4,4,2,2,4,3,2,4,NA,2,1,2,4,1,1,1,2,3,4,3,2,4,4,1,1,1,NA,0,NA,NA,2,NA,1,1,1,NA,0,NA,NA,0,NA,NA,2,NA,2,2,NA,1,1,1,1,1,1,2,2,2,1,2,2,2,2,1,1,2,1,1,1,2,1,1,1,2,7,5,6,6,4,7,3,3,5,7,5,3,1,7,1,19,1,2,5,1,3,7,5,161
162,1,1,1,0,1,0,0,1,1,0,1,0,0,1,1,0,0,1,4,3,3,3,3,2,4,4,1,0,1,1,0,1,0,0,1,1,1,1,1,NA,NA,NA,NA,NA,NA,NA,"",1,NA,NA,NA,NA,NA,NA,NA,"",0,0,NA,NA,1,1,0,3,0,NA,NA,1,7,5,6,6,5,5,1,3,3,3,3,2,3,3,4,3,3,3,3,3,2,3,1,2,2,2,3,1,1,3,2,3,3,3,1,3,3,1,0,NA,NA,2,NA,1,1,1,NA,0,NA,NA,1,1,NA,1,1,NA,2,NA,2,1,1,NA,1,1,1,1,1,2,1,1,1,1,1,2,1,1,2,2,2,1,1,1,1,1,4,7,5,5,4,5,5,6,5,5,6,4,6,5,5,5,1,18,2,2,3,1,1,1,7,162
163,1,1,0,NA,NA,NA,NA,NA,NA,NA,NA,NA,NA,NA,NA,NA,NA,1,5,5,4,4,3,5,2,4,1,1,1,1,1,1,1,1,1,1,1,1,NA,NA,NA,NA,NA,NA,1,NA,"",NA,NA,NA,NA,NA,NA,1,NA,"",0,0,NA,NA,2,1,1,0,1,1,0,1,7,6,6,4,5,7,1,3,2,1,2,2,3,2,3,2,4,2,3,2,2,2,2,2,2,2,2,2,2,4,2,1,3,2,2,2,3,1,0,NA,NA,0,NA,NA,0,NA,NA,0,NA,NA,0,NA,NA,0,NA,NA,0,NA,NA,0,NA,NA,1,2,2,1,2,2,2,2,1,1,2,1,2,2,1,2,1,1,2,2,1,1,2,7,4,4,5,5,6,6,5,5,6,5,4,4,4,5,1,29,1,0,5,1,4,6,2,163
